symbol,date,adjClose,adjHigh,adjLow,adjOpen,adjVolume,close,divCash,high,low,open,splitFactor,volume
RIBTW,2014-09-24,1.47,1.55,1.4001,1.55,4705,1.47,0.0,1.55,1.4001,1.55,1.0,4705
RIBTW,2014-09-25,1.5,1.5,1.49,1.5,2800,1.5,0.0,1.5,1.49,1.5,1.0,2800
RIBTW,2014-09-26,1.4,1.84,1.4,1.55,1197,1.4,0.0,1.84,1.4,1.55,1.0,1197
RIBTW,2014-09-29,1.45,1.59,1.4,1.59,4351,1.45,0.0,1.59,1.4,1.59,1.0,4351
RIBTW,2014-09-30,1.6999,1.75,1.49,1.49,2511,1.6999,0.0,1.75,1.49,1.49,1.0,2511
RIBTW,2014-10-01,1.41,1.51,1.4,1.4,13422,1.41,0.0,1.51,1.4,1.4,1.0,13422
RIBTW,2014-10-02,1.36,1.38,1.36,1.38,910,1.36,0.0,1.38,1.36,1.38,1.0,910
RIBTW,2014-10-03,1.38,1.38,1.38,1.38,700,1.38,0.0,1.38,1.38,1.38,1.0,700
RIBTW,2014-10-06,1.36,1.4,1.36,1.4,721,1.36,0.0,1.4,1.36,1.4,1.0,721
RIBTW,2014-10-07,1.3,1.4,1.22,1.4,1300,1.3,0.0,1.4,1.22,1.4,1.0,1300
RIBTW,2014-10-08,1.32,1.5,1.3,1.5,2300,1.32,0.0,1.5,1.3,1.5,1.0,2300
RIBTW,2014-10-09,1.35,1.35,1.35,1.35,150,1.35,0.0,1.35,1.35,1.35,1.0,150
RIBTW,2014-10-10,1.25,1.33,1.25,1.3,5500,1.25,0.0,1.33,1.25,1.3,1.0,5500
RIBTW,2014-10-13,1.25,1.25,1.25,1.25,0,1.25,0.0,1.25,1.25,1.25,1.0,0
RIBTW,2014-10-14,1.2332,1.25,1.23,1.25,2154,1.2332,0.0,1.25,1.23,1.25,1.0,2154
RIBTW,2014-10-15,1.2,1.23,1.0,1.23,2550,1.2,0.0,1.23,1.0,1.23,1.0,2550
RIBTW,2014-10-16,1.3499,1.3499,1.25,1.25,1100,1.3499,0.0,1.3499,1.25,1.25,1.0,1100
RIBTW,2014-10-17,1.46,1.4999,1.2601,1.2601,10082,1.46,0.0,1.4999,1.2601,1.2601,1.0,10082
RIBTW,2014-10-20,1.38,1.38,1.38,1.38,190,1.38,0.0,1.38,1.38,1.38,1.0,190
RIBTW,2014-10-21,1.42,1.45,1.4,1.45,5640,1.42,0.0,1.45,1.4,1.45,1.0,5640
RIBTW,2014-10-22,1.348,1.35,1.32,1.35,1752,1.348,0.0,1.35,1.32,1.35,1.0,1752
RIBTW,2014-10-23,1.3,1.3001,1.3,1.3001,216,1.3,0.0,1.3001,1.3,1.3001,1.0,216
RIBTW,2014-10-24,1.3,1.3,1.3,1.3,0,1.3,0.0,1.3,1.3,1.3,1.0,0
RIBTW,2014-10-27,1.45,1.525,1.439,1.439,4135,1.45,0.0,1.525,1.439,1.439,1.0,4135
RIBTW,2014-10-28,1.5501,1.5501,1.55,1.55,1500,1.5501,0.0,1.5501,1.55,1.55,1.0,1500
RIBTW,2014-10-29,1.5,1.5,1.4999,1.5,1000,1.5,0.0,1.5,1.4999,1.5,1.0,1000
RIBTW,2014-10-30,1.4799,1.4799,1.25,1.45,6400,1.4799,0.0,1.4799,1.25,1.45,1.0,6400
RIBTW,2014-10-31,1.25,1.25,1.25,1.25,1450,1.25,0.0,1.25,1.25,1.25,1.0,1450
RIBTW,2014-11-03,1.25,1.25,1.25,1.25,0,1.25,0.0,1.25,1.25,1.25,1.0,0
RIBTW,2014-11-04,1.25,1.25,1.25,1.25,0,1.25,0.0,1.25,1.25,1.25,1.0,0
RIBTW,2014-11-05,1.25,1.25,1.25,1.25,0,1.25,0.0,1.25,1.25,1.25,1.0,0
RIBTW,2014-11-06,1.22,1.2756,1.22,1.2756,4820,1.22,0.0,1.2756,1.22,1.2756,1.0,4820
RIBTW,2014-11-07,1.1725,1.25,1.1725,1.25,1572,1.1725,0.0,1.25,1.1725,1.25,1.0,1572
RIBTW,2014-11-10,1.25,1.25,1.25,1.25,2000,1.25,0.0,1.25,1.25,1.25,1.0,2000
RIBTW,2014-11-11,1.17,1.17,1.17,1.17,100,1.17,0.0,1.17,1.17,1.17,1.0,100
RIBTW,2014-11-12,1.3,1.3,1.3,1.3,1000,1.3,0.0,1.3,1.3,1.3,1.0,1000
RIBTW,2014-11-13,1.2989,1.3,1.2989,1.3,1000,1.2989,0.0,1.3,1.2989,1.3,1.0,1000
RIBTW,2014-11-14,1.2989,1.2989,1.2989,1.2989,0,1.2989,0.0,1.2989,1.2989,1.2989,1.0,0
RIBTW,2014-11-17,1.2989,1.2989,1.2989,1.2989,0,1.2989,0.0,1.2989,1.2989,1.2989,1.0,0
RIBTW,2014-11-18,1.2989,1.2989,1.2989,1.2989,0,1.2989,0.0,1.2989,1.2989,1.2989,1.0,0
RIBTW,2014-11-19,1.11,1.11,1.1,1.1,1000,1.11,0.0,1.11,1.1,1.1,1.0,1000
RIBTW,2014-11-20,1.0999,1.2,0.996,1.2,38660,1.0999,0.0,1.2,0.996,1.2,1.0,38660
RIBTW,2014-11-21,1.0,1.001,1.0,1.001,7365,1.0,0.0,1.001,1.0,1.001,1.0,7365
RIBTW,2014-11-24,0.94,0.96,0.81,0.9,48693,0.94,0.0,0.96,0.81,0.9,1.0,48693
RIBTW,2014-11-25,1.12,1.15,1.04,1.04,1200,1.12,0.0,1.15,1.04,1.04,1.0,1200
RIBTW,2014-11-26,1.12,1.12,1.12,1.12,0,1.12,0.0,1.12,1.12,1.12,1.0,0
RIBTW,2014-11-28,1.12,1.12,1.12,1.12,0,1.12,0.0,1.12,1.12,1.12,1.0,0
RIBTW,2014-12-01,1.12,1.12,1.12,1.12,0,1.12,0.0,1.12,1.12,1.12,1.0,0
RIBTW,2014-12-02,1.08,1.12,0.82,0.97,3220,1.08,0.0,1.12,0.82,0.97,1.0,3220
RIBTW,2014-12-03,1.08,1.08,1.08,1.08,0,1.08,0.0,1.08,1.08,1.08,1.0,0
RIBTW,2014-12-04,1.08,1.08,1.08,1.08,0,1.08,0.0,1.08,1.08,1.08,1.0,0
RIBTW,2014-12-05,1.08,1.08,1.08,1.08,0,1.08,0.0,1.08,1.08,1.08,1.0,0
RIBTW,2014-12-08,0.99,0.9901,0.99,0.9901,1700,0.99,0.0,0.9901,0.99,0.9901,1.0,1700
RIBTW,2014-12-09,0.95,0.999,0.95,0.999,2000,0.95,0.0,0.999,0.95,0.999,1.0,2000
RIBTW,2014-12-10,0.95,0.95,0.95,0.95,0,0.95,0.0,0.95,0.95,0.95,1.0,0
RIBTW,2014-12-11,1.12,1.123,1.12,1.123,1250,1.12,0.0,1.123,1.12,1.123,1.0,1250
RIBTW,2014-12-12,1.12,1.12,1.12,1.12,0,1.12,0.0,1.12,1.12,1.12,1.0,0
RIBTW,2014-12-15,0.97,1.0,0.914,1.0,2200,0.97,0.0,1.0,0.914,1.0,1.0,2200
RIBTW,2014-12-16,0.98,0.9801,0.9601,0.9601,1400,0.98,0.0,0.9801,0.9601,0.9601,1.0,1400
RIBTW,2014-12-17,0.98,0.98,0.98,0.98,0,0.98,0.0,0.98,0.98,0.98,1.0,0
RIBTW,2014-12-18,0.98,0.98,0.98,0.98,0,0.98,0.0,0.98,0.98,0.98,1.0,0
RIBTW,2014-12-19,1.15,1.15,1.0,1.0,265,1.15,0.0,1.15,1.0,1.0,1.0,265
RIBTW,2014-12-22,1.0,1.0,1.0,1.0,5000,1.0,0.0,1.0,1.0,1.0,1.0,5000
RIBTW,2014-12-23,1.0499,1.0499,1.0499,1.0499,400,1.0499,0.0,1.0499,1.0499,1.0499,1.0,400
RIBTW,2014-12-24,1.0499,1.0499,1.0499,1.0499,0,1.0499,0.0,1.0499,1.0499,1.0499,1.0,0
RIBTW,2014-12-26,1.0,1.0,0.85,0.9,7902,1.0,0.0,1.0,0.85,0.9,1.0,7902
RIBTW,2014-12-29,0.95,0.95,0.9192,0.95,3800,0.95,0.0,0.95,0.9192,0.95,1.0,3800
RIBTW,2014-12-30,0.95,0.95,0.95,0.95,0,0.95,0.0,0.95,0.95,0.95,1.0,0
RIBTW,2014-12-31,1.0,1.0,0.85,0.86,11900,1.0,0.0,1.0,0.85,0.86,1.0,11900
RIBTW,2015-01-02,0.86,0.86,0.86,0.86,100,0.86,0.0,0.86,0.86,0.86,1.0,100
RIBTW,2015-01-05,0.86,0.86,0.86,0.86,0,0.86,0.0,0.86,0.86,0.86,1.0,0
RIBTW,2015-01-06,0.86,0.86,0.86,0.86,0,0.86,0.0,0.86,0.86,0.86,1.0,0
RIBTW,2015-01-07,0.86,0.86,0.86,0.86,75,0.86,0.0,0.86,0.86,0.86,1.0,75
RIBTW,2015-01-08,0.9987,0.9999,0.86,0.86,3290,0.9987,0.0,0.9999,0.86,0.86,1.0,3290
RIBTW,2015-01-09,1.1,1.1,1.0,1.0,3500,1.1,0.0,1.1,1.0,1.0,1.0,3500
RIBTW,2015-01-12,1.0338,1.05,0.91,1.0052,1200,1.0338,0.0,1.05,0.91,1.0052,1.0,1200
RIBTW,2015-01-13,0.9892,1.0001,0.9892,1.0,5825,0.9892,0.0,1.0001,0.9892,1.0,1.0,5825
RIBTW,2015-01-14,0.97,1.02,0.85,0.85,2195,0.97,0.0,1.02,0.85,0.85,1.0,2195
RIBTW,2015-01-15,0.97,0.97,0.97,0.97,37,0.97,0.0,0.97,0.97,0.97,1.0,37
RIBTW,2015-01-16,1.0,1.0,0.9999,0.9999,600,1.0,0.0,1.0,0.9999,0.9999,1.0,600
RIBTW,2015-01-20,1.0,1.0,1.0,1.0,0,1.0,0.0,1.0,1.0,1.0,1.0,0
RIBTW,2015-01-21,1.0,1.0,1.0,1.0,0,1.0,0.0,1.0,1.0,1.0,1.0,0
RIBTW,2015-01-22,0.99,0.99,0.8101,0.8101,3226,0.99,0.0,0.99,0.8101,0.8101,1.0,3226
RIBTW,2015-01-23,0.99,0.99,0.99,0.99,0,0.99,0.0,0.99,0.99,0.99,1.0,0
RIBTW,2015-01-26,0.99,0.99,0.99,0.99,0,0.99,0.0,0.99,0.99,0.99,1.0,0
RIBTW,2015-01-27,0.99,0.99,0.99,0.99,800,0.99,0.0,0.99,0.99,0.99,1.0,800
RIBTW,2015-01-28,0.99,0.99,0.99,0.99,0,0.99,0.0,0.99,0.99,0.99,1.0,0
RIBTW,2015-01-29,0.99,0.99,0.9,0.9,1900,0.99,0.0,0.99,0.9,0.9,1.0,1900
RIBTW,2015-01-30,0.99,0.99,0.99,0.99,0,0.99,0.0,0.99,0.99,0.99,1.0,0
RIBTW,2015-02-02,0.99,0.99,0.99,0.99,0,0.99,0.0,0.99,0.99,0.99,1.0,0
RIBTW,2015-02-03,1.0999,1.1,0.805,1.0001,7029,1.0999,0.0,1.1,0.805,1.0001,1.0,7029
RIBTW,2015-02-04,1.1,1.1,1.09,1.0999,1000,1.1,0.0,1.1,1.09,1.0999,1.0,1000
RIBTW,2015-02-05,1.0,1.0,0.99,0.9999,800,1.0,0.0,1.0,0.99,0.9999,1.0,800
RIBTW,2015-02-06,1.1,1.1,1.07,1.07,4700,1.1,0.0,1.1,1.07,1.07,1.0,4700
RIBTW,2015-02-09,1.1,1.1,1.1,1.1,0,1.1,0.0,1.1,1.1,1.1,1.0,0
RIBTW,2015-02-10,1.62,1.62,1.05,1.05,500,1.62,0.0,1.62,1.05,1.05,1.0,500
RIBTW,2015-02-11,1.4999,1.82,1.4999,1.82,6216,1.4999,0.0,1.82,1.4999,1.82,1.0,6216
RIBTW,2015-02-12,1.3899,1.55,1.0,1.0,20746,1.3899,0.0,1.55,1.0,1.0,1.0,20746
RIBTW,2015-02-13,1.3899,1.3899,1.3899,1.3899,0,1.3899,0.0,1.3899,1.3899,1.3899,1.0,0
RIBTW,2015-02-17,1.1977,1.3799,1.0,1.05,2272,1.1977,0.0,1.3799,1.0,1.05,1.0,2272
RIBTW,2015-02-18,1.08,1.08,0.8601,0.95,28151,1.08,0.0,1.08,0.8601,0.95,1.0,28151
RIBTW,2015-02-19,1.1499,1.2799,0.94,1.2799,5024,1.1499,0.0,1.2799,0.94,1.2799,1.0,5024
RIBTW,2015-02-20,1.07,1.09,1.0,1.001,12610,1.07,0.0,1.09,1.0,1.001,1.0,12610
RIBTW,2015-02-23,1.1,1.1,1.02,1.0472,8839,1.1,0.0,1.1,1.02,1.0472,1.0,8839
RIBTW,2015-02-24,1.05,1.12,1.05,1.05,4511,1.05,0.0,1.12,1.05,1.05,1.0,4511
RIBTW,2015-02-25,1.15,1.2499,1.08,1.2499,9150,1.15,0.0,1.2499,1.08,1.2499,1.0,9150
RIBTW,2015-02-26,1.15,1.15,1.15,1.15,0,1.15,0.0,1.15,1.15,1.15,1.0,0
RIBTW,2015-02-27,1.2599,1.2599,1.2599,1.2599,1000,1.2599,0.0,1.2599,1.2599,1.2599,1.0,1000
RIBTW,2015-03-02,1.2,1.23,1.2,1.2,800,1.2,0.0,1.23,1.2,1.2,1.0,800
RIBTW,2015-03-03,1.2,1.2,1.2,1.2,0,1.2,0.0,1.2,1.2,1.2,1.0,0
RIBTW,2015-03-04,1.2,1.2,1.2,1.2,0,1.2,0.0,1.2,1.2,1.2,1.0,0
RIBTW,2015-03-05,1.2299,1.2299,1.2299,1.2299,1000,1.2299,0.0,1.2299,1.2299,1.2299,1.0,1000
RIBTW,2015-03-06,1.24,1.24,1.11,1.2,3855,1.24,0.0,1.24,1.11,1.2,1.0,3855
RIBTW,2015-03-09,1.24,1.24,1.0015,1.0015,530,1.24,0.0,1.24,1.0015,1.0015,1.0,530
RIBTW,2015-03-10,1.1999,1.1999,1.1,1.11,5678,1.1999,0.0,1.1999,1.1,1.11,1.0,5678
RIBTW,2015-03-11,1.1999,1.1999,1.1999,1.1999,0,1.1999,0.0,1.1999,1.1999,1.1999,1.0,0
RIBTW,2015-03-12,1.1999,1.1999,1.1999,1.1999,0,1.1999,0.0,1.1999,1.1999,1.1999,1.0,0
RIBTW,2015-03-13,1.15,1.15,1.06,1.0699,4500,1.15,0.0,1.15,1.06,1.0699,1.0,4500
RIBTW,2015-03-16,1.15,1.15,1.15,1.15,60,1.15,0.0,1.15,1.15,1.15,1.0,60
RIBTW,2015-03-17,1.15,1.19,1.15,1.15,6230,1.15,0.0,1.19,1.15,1.15,1.0,6230
RIBTW,2015-03-18,1.14,1.3,1.0995,1.2999,1950,1.14,0.0,1.3,1.0995,1.2999,1.0,1950
RIBTW,2015-03-19,1.2,1.241,1.15,1.15,7815,1.2,0.0,1.241,1.15,1.15,1.0,7815
RIBTW,2015-03-20,1.2899,1.3,1.2899,1.2999,650,1.2899,0.0,1.3,1.2899,1.2999,1.0,650
RIBTW,2015-03-23,1.25,1.25,1.0,1.12,6820,1.25,0.0,1.25,1.0,1.12,1.0,6820
RIBTW,2015-03-24,1.25,1.25,1.25,1.25,0,1.25,0.0,1.25,1.25,1.25,1.0,0
RIBTW,2015-03-25,1.13,1.13,1.1299,1.1299,300,1.13,0.0,1.13,1.1299,1.1299,1.0,300
RIBTW,2015-03-26,1.175,1.2499,0.83,1.11,12739,1.175,0.0,1.2499,0.83,1.11,1.0,12739
RIBTW,2015-03-27,1.24,1.24,1.2399,1.2399,1000,1.24,0.0,1.24,1.2399,1.2399,1.0,1000
RIBTW,2015-03-30,1.1999,1.1999,1.0,1.025,2300,1.1999,0.0,1.1999,1.0,1.025,1.0,2300
RIBTW,2015-03-31,1.1999,1.1999,1.1999,1.1999,0,1.1999,0.0,1.1999,1.1999,1.1999,1.0,0
RIBTW,2015-04-01,1.16,1.2,0.91,0.92,8173,1.16,0.0,1.2,0.91,0.92,1.0,8173
RIBTW,2015-04-02,1.18,1.2799,1.02,1.02,9474,1.18,0.0,1.2799,1.02,1.02,1.0,9474
RIBTW,2015-04-06,1.22,1.2399,1.03,1.03,2000,1.22,0.0,1.2399,1.03,1.03,1.0,2000
RIBTW,2015-04-07,1.17,1.2499,1.03,1.05,5340,1.17,0.0,1.2499,1.03,1.05,1.0,5340
RIBTW,2015-04-08,1.2,1.2,1.05,1.05,7000,1.2,0.0,1.2,1.05,1.05,1.0,7000
RIBTW,2015-04-09,1.25,1.2799,1.03,1.2,8569,1.25,0.0,1.2799,1.03,1.2,1.0,8569
RIBTW,2015-04-10,1.17,1.2299,1.06,1.06,1900,1.17,0.0,1.2299,1.06,1.06,1.0,1900
RIBTW,2015-04-13,1.2299,1.2299,1.19,1.2,1000,1.2299,0.0,1.2299,1.19,1.2,1.0,1000
RIBTW,2015-04-14,1.15,1.15,1.054,1.15,2427,1.15,0.0,1.15,1.054,1.15,1.0,2427
RIBTW,2015-04-15,1.22,1.23,1.22,1.23,302,1.22,0.0,1.23,1.22,1.23,1.0,302
RIBTW,2015-04-16,1.22,1.22,1.06,1.06,2848,1.22,0.0,1.22,1.06,1.06,1.0,2848
RIBTW,2015-04-17,1.2,1.2,1.0501,1.0501,2565,1.2,0.0,1.2,1.0501,1.0501,1.0,2565
RIBTW,2015-04-20,1.19,1.2999,1.06,1.07,4305,1.19,0.0,1.2999,1.06,1.07,1.0,4305
RIBTW,2015-04-21,1.19,1.19,1.19,1.19,0,1.19,0.0,1.19,1.19,1.19,1.0,0
RIBTW,2015-04-22,1.2,1.2,1.2,1.2,602,1.2,0.0,1.2,1.2,1.2,1.0,602
RIBTW,2015-04-23,1.22,1.22,1.19,1.19,500,1.22,0.0,1.22,1.19,1.19,1.0,500
RIBTW,2015-04-24,1.22,1.22,1.22,1.22,0,1.22,0.0,1.22,1.22,1.22,1.0,0
RIBTW,2015-04-27,1.29,1.29,1.2899,1.2899,500,1.29,0.0,1.29,1.2899,1.2899,1.0,500
RIBTW,2015-04-28,1.29,1.29,1.29,1.29,0,1.29,0.0,1.29,1.29,1.29,1.0,0
RIBTW,2015-04-29,1.24,1.24,1.24,1.24,500,1.24,0.0,1.24,1.24,1.24,1.0,500
RIBTW,2015-04-30,1.29,1.29,1.29,1.29,100,1.29,0.0,1.29,1.29,1.29,1.0,100
RIBTW,2015-05-01,1.08,1.1799,1.07,1.07,1435,1.08,0.0,1.1799,1.07,1.07,1.0,1435
RIBTW,2015-05-04,1.08,1.2,1.08,1.08,4000,1.08,0.0,1.2,1.08,1.08,1.0,4000
RIBTW,2015-05-05,1.08,1.08,1.08,1.08,2000,1.08,0.0,1.08,1.08,1.08,1.0,2000
RIBTW,2015-05-06,1.15,1.15,0.9999,1.06,4598,1.15,0.0,1.15,0.9999,1.06,1.0,4598
RIBTW,2015-05-07,1.15,1.15,1.15,1.15,0,1.15,0.0,1.15,1.15,1.15,1.0,0
RIBTW,2015-05-08,1.02,1.18,1.02,1.17,1200,1.02,0.0,1.18,1.02,1.17,1.0,1200
RIBTW,2015-05-11,1.14,1.14,1.12,1.1399,2898,1.14,0.0,1.14,1.12,1.1399,1.0,2898
RIBTW,2015-05-12,1.19,1.19,1.18,1.18,500,1.19,0.0,1.19,1.18,1.18,1.0,500
RIBTW,2015-05-13,1.19,1.19,1.19,1.19,0,1.19,0.0,1.19,1.19,1.19,1.0,0
RIBTW,2015-05-14,1.1,1.12,1.0,1.032,19335,1.1,0.0,1.12,1.0,1.032,1.0,19335
RIBTW,2015-05-15,1.1,1.1,1.1,1.1,0,1.1,0.0,1.1,1.1,1.1,1.0,0
RIBTW,2015-05-18,1.0,1.0,1.0,1.0,2000,1.0,0.0,1.0,1.0,1.0,1.0,2000
RIBTW,2015-05-19,1.08,1.08,1.0,1.0001,2100,1.08,0.0,1.08,1.0,1.0001,1.0,2100
RIBTW,2015-05-20,1.0,1.0208,1.0,1.0208,2450,1.0,0.0,1.0208,1.0,1.0208,1.0,2450
RIBTW,2015-05-21,1.07,1.07,1.07,1.07,550,1.07,0.0,1.07,1.07,1.07,1.0,550
RIBTW,2015-05-22,1.0,1.0101,1.0,1.01,1225,1.0,0.0,1.0101,1.0,1.01,1.0,1225
RIBTW,2015-05-26,0.9,0.92,0.81,0.92,5485,0.9,0.0,0.92,0.81,0.92,1.0,5485
RIBTW,2015-05-27,1.0,1.0,1.0,1.0,500,1.0,0.0,1.0,1.0,1.0,1.0,500
RIBTW,2015-05-28,1.0,1.0,1.0,1.0,186,1.0,0.0,1.0,1.0,1.0,1.0,186
RIBTW,2015-05-29,0.9,1.05,0.89,1.05,6118,0.9,0.0,1.05,0.89,1.05,1.0,6118
RIBTW,2015-06-01,1.04,1.04,1.04,1.04,535,1.04,0.0,1.04,1.04,1.04,1.0,535
RIBTW,2015-06-02,1.03,1.03,0.8,0.8,3476,1.03,0.0,1.03,0.8,0.8,1.0,3476
RIBTW,2015-06-03,1.05,1.05,0.82,0.83,1668,1.05,0.0,1.05,0.82,0.83,1.0,1668
RIBTW,2015-06-04,0.8999,0.9,0.83,0.83,4300,0.8999,0.0,0.9,0.83,0.83,1.0,4300
RIBTW,2015-06-05,0.95,1.0299,0.85,1.0299,3955,0.95,0.0,1.0299,0.85,1.0299,1.0,3955
RIBTW,2015-06-08,1.0,1.03,0.8199,1.01,21767,1.0,0.0,1.03,0.8199,1.01,1.0,21767
RIBTW,2015-06-09,0.96,1.0299,0.96,1.0299,200,0.96,0.0,1.0299,0.96,1.0299,1.0,200
RIBTW,2015-06-10,1.02,1.02,1.02,1.02,1500,1.02,0.0,1.02,1.02,1.02,1.0,1500
RIBTW,2015-06-11,0.9999,0.9999,0.92,0.98,2702,0.9999,0.0,0.9999,0.92,0.98,1.0,2702
RIBTW,2015-06-12,1.0099,1.0099,0.95,0.9944,1500,1.0099,0.0,1.0099,0.95,0.9944,1.0,1500
RIBTW,2015-06-15,1.0099,1.0099,1.0099,1.0099,0,1.0099,0.0,1.0099,1.0099,1.0099,1.0,0
RIBTW,2015-06-16,1.0099,1.0099,1.0099,1.0099,0,1.0099,0.0,1.0099,1.0099,1.0099,1.0,0
RIBTW,2015-06-17,1.0,1.0,0.9,0.95,2012,1.0,0.0,1.0,0.9,0.95,1.0,2012
RIBTW,2015-06-18,1.0,1.0,1.0,1.0,0,1.0,0.0,1.0,1.0,1.0,1.0,0
RIBTW,2015-06-19,1.0,1.0,1.0,1.0,500,1.0,0.0,1.0,1.0,1.0,1.0,500
RIBTW,2015-06-22,1.03,1.03,0.8502,0.8502,700,1.03,0.0,1.03,0.8502,0.8502,1.0,700
RIBTW,2015-06-23,1.0,1.0,0.9978,0.9978,500,1.0,0.0,1.0,0.9978,0.9978,1.0,500
RIBTW,2015-06-24,1.0,1.0,1.0,1.0,173,1.0,0.0,1.0,1.0,1.0,1.0,173
RIBTW,2015-06-25,1.03,1.03,1.03,1.03,500,1.03,0.0,1.03,1.03,1.03,1.0,500
RIBTW,2015-06-26,1.03,1.03,1.03,1.03,1000,1.03,0.0,1.03,1.03,1.03,1.0,1000
RIBTW,2015-06-29,1.03,1.03,0.7,0.88,2109,1.03,0.0,1.03,0.7,0.88,1.0,2109
RIBTW,2015-06-30,1.03,1.03,1.03,1.03,500,1.03,0.0,1.03,1.03,1.03,1.0,500
RIBTW,2015-07-01,1.03,1.03,1.03,1.03,0,1.03,0.0,1.03,1.03,1.03,1.0,0
RIBTW,2015-07-02,0.9968,1.01,0.99,1.01,900,0.9968,0.0,1.01,0.99,1.01,1.0,900
RIBTW,2015-07-06,1.08,1.08,1.08,1.08,100,1.08,0.0,1.08,1.08,1.08,1.0,100
RIBTW,2015-07-07,1.08,1.08,0.79,0.79,350,1.08,0.0,1.08,0.79,0.79,1.0,350
RIBTW,2015-07-08,1.08,1.08,0.9,0.9,600,1.08,0.0,1.08,0.9,0.9,1.0,600
RIBTW,2015-07-09,1.08,1.08,1.08,1.08,0,1.08,0.0,1.08,1.08,1.08,1.0,0
RIBTW,2015-07-10,1.08,1.08,1.08,1.08,100,1.08,0.0,1.08,1.08,1.08,1.0,100
RIBTW,2015-07-13,1.0199,1.0199,1.0199,1.0199,100,1.0199,0.0,1.0199,1.0199,1.0199,1.0,100
RIBTW,2015-07-14,1.0299,1.0299,1.0299,1.0299,100,1.0299,0.0,1.0299,1.0299,1.0299,1.0,100
RIBTW,2015-07-15,1.0299,1.0299,1.0299,1.0299,0,1.0299,0.0,1.0299,1.0299,1.0299,1.0,0
RIBTW,2015-07-16,0.9899,0.9899,0.9899,0.9899,500,0.9899,0.0,0.9899,0.9899,0.9899,1.0,500
RIBTW,2015-07-17,1.01,1.01,0.96,0.98,1700,1.01,0.0,1.01,0.96,0.98,1.0,1700
RIBTW,2015-07-20,1.01,1.01,1.01,1.01,0,1.01,0.0,1.01,1.01,1.01,1.0,0
RIBTW,2015-07-21,0.98,0.98,0.98,0.98,500,0.98,0.0,0.98,0.98,0.98,1.0,500
RIBTW,2015-07-22,0.98,1.0199,0.98,0.9801,4500,0.98,0.0,1.0199,0.98,0.9801,1.0,4500
RIBTW,2015-07-23,0.9749,0.9999,0.75,0.9999,7020,0.9749,0.0,0.9999,0.75,0.9999,1.0,7020
RIBTW,2015-07-24,0.9899,0.9899,0.9899,0.9899,500,0.9899,0.0,0.9899,0.9899,0.9899,1.0,500
RIBTW,2015-07-27,0.9899,0.9899,0.9899,0.9899,0,0.9899,0.0,0.9899,0.9899,0.9899,1.0,0
RIBTW,2015-07-28,0.8888,0.91,0.75,0.88,3600,0.8888,0.0,0.91,0.75,0.88,1.0,3600
RIBTW,2015-07-29,0.849,0.8499,0.8,0.8499,1600,0.849,0.0,0.8499,0.8,0.8499,1.0,1600
RIBTW,2015-07-30,0.9749,0.9749,0.75,0.75,1800,0.9749,0.0,0.9749,0.75,0.75,1.0,1800
RIBTW,2015-07-31,0.9749,0.9749,0.9749,0.9749,0,0.9749,0.0,0.9749,0.9749,0.9749,1.0,0
RIBTW,2015-08-03,1.0399,1.0399,1.01,1.01,200,1.0399,0.0,1.0399,1.01,1.01,1.0,200
RIBTW,2015-08-04,1.0399,1.0399,1.0399,1.0399,0,1.0399,0.0,1.0399,1.0399,1.0399,1.0,0
RIBTW,2015-08-05,1.0,1.0,1.0,1.0,100,1.0,0.0,1.0,1.0,1.0,1.0,100
RIBTW,2015-08-06,1.0,1.0,1.0,1.0,0,1.0,0.0,1.0,1.0,1.0,1.0,0
RIBTW,2015-08-07,0.8799,0.89,0.8,0.89,1500,0.8799,0.0,0.89,0.8,0.89,1.0,1500
RIBTW,2015-08-10,0.89,0.89,0.89,0.89,100,0.89,0.0,0.89,0.89,0.89,1.0,100
RIBTW,2015-08-11,0.8999,0.9,0.79,0.79,1969,0.8999,0.0,0.9,0.79,0.79,1.0,1969
RIBTW,2015-08-12,0.8499,0.8499,0.8499,0.8499,500,0.8499,0.0,0.8499,0.8499,0.8499,1.0,500
RIBTW,2015-08-13,0.8999,0.8999,0.8999,0.8999,500,0.8999,0.0,0.8999,0.8999,0.8999,1.0,500
RIBTW,2015-08-14,0.9,0.9,0.9,0.9,356,0.9,0.0,0.9,0.9,0.9,1.0,356
RIBTW,2015-08-17,0.95,0.95,0.95,0.95,100,0.95,0.0,0.95,0.95,0.95,1.0,100
RIBTW,2015-08-18,1.0,1.0,1.0,1.0,100,1.0,0.0,1.0,1.0,1.0,1.0,100
RIBTW,2015-08-19,0.9699,0.9699,0.95,0.95,500,0.9699,0.0,0.9699,0.95,0.95,1.0,500
RIBTW,2015-08-20,0.99,1.0,0.75,1.0,400,0.99,0.0,1.0,0.75,1.0,1.0,400
RIBTW,2015-08-21,0.99,0.99,0.99,0.99,5,0.99,0.0,0.99,0.99,0.99,1.0,5
RIBTW,2015-08-24,1.0,1.0,1.0,1.0,100,1.0,0.0,1.0,1.0,1.0,1.0,100
RIBTW,2015-08-25,1.0,1.0,1.0,1.0,100,1.0,0.0,1.0,1.0,1.0,1.0,100
RIBTW,2015-08-26,1.0,1.0,0.362,0.362,3105,1.0,0.0,1.0,0.362,0.362,1.0,3105
RIBTW,2015-08-27,1.0,1.0,1.0,1.0,0,1.0,0.0,1.0,1.0,1.0,1.0,0
RIBTW,2015-08-28,1.0,1.0,0.8699,0.8699,3205,1.0,0.0,1.0,0.8699,0.8699,1.0,3205
RIBTW,2015-08-31,0.99,0.99,0.8001,0.8001,3900,0.99,0.0,0.99,0.8001,0.8001,1.0,3900
RIBTW,2015-09-01,0.99,0.99,0.99,0.99,0,0.99,0.0,0.99,0.99,0.99,1.0,0
RIBTW,2015-09-02,0.84,0.9,0.75,0.9,9140,0.84,0.0,0.9,0.75,0.9,1.0,9140
RIBTW,2015-09-03,0.75,0.75,0.63,0.75,2600,0.75,0.0,0.75,0.63,0.75,1.0,2600
RIBTW,2015-09-04,0.8,0.8,0.8,0.8,100,0.8,0.0,0.8,0.8,0.8,1.0,100
RIBTW,2015-09-08,0.98,0.98,0.98,0.98,115,0.98,0.0,0.98,0.98,0.98,1.0,115
RIBTW,2015-09-09,0.98,0.98,0.98,0.98,10,0.98,0.0,0.98,0.98,0.98,1.0,10
RIBTW,2015-09-10,0.9699,0.9699,0.9699,0.9699,100,0.9699,0.0,0.9699,0.9699,0.9699,1.0,100
RIBTW,2015-09-11,0.9,0.9,0.9,0.9,500,0.9,0.0,0.9,0.9,0.9,1.0,500
RIBTW,2015-09-14,0.87,0.87,0.87,0.87,100,0.87,0.0,0.87,0.87,0.87,1.0,100
RIBTW,2015-09-15,0.76,0.76,0.6,0.7,5600,0.76,0.0,0.76,0.6,0.7,1.0,5600
RIBTW,2015-09-16,0.8,0.9283,0.76,0.76,1212,0.8,0.0,0.9283,0.76,0.76,1.0,1212
RIBTW,2015-09-17,0.9,0.9,0.7,0.75,2308,0.9,0.0,0.9,0.7,0.75,1.0,2308
RIBTW,2015-09-18,0.87,0.87,0.87,0.87,100,0.87,0.0,0.87,0.87,0.87,1.0,100
RIBTW,2015-09-21,0.87,0.87,0.87,0.87,0,0.87,0.0,0.87,0.87,0.87,1.0,0
RIBTW,2015-09-22,0.729,0.729,0.729,0.729,305,0.729,0.0,0.729,0.729,0.729,1.0,305
RIBTW,2015-09-23,0.729,0.729,0.729,0.729,0,0.729,0.0,0.729,0.729,0.729,1.0,0
RIBTW,2015-09-24,0.9,0.9,0.9,0.9,500,0.9,0.0,0.9,0.9,0.9,1.0,500
RIBTW,2015-09-25,0.6999,0.71,0.6319,0.705,6300,0.6999,0.0,0.71,0.6319,0.705,1.0,6300
RIBTW,2015-09-28,0.89,0.89,0.89,0.89,100,0.89,0.0,0.89,0.89,0.89,1.0,100
RIBTW,2015-09-29,0.85,0.85,0.45,0.45,400,0.85,0.0,0.85,0.45,0.45,1.0,400
RIBTW,2015-09-30,0.85,0.85,0.85,0.85,7,0.85,0.0,0.85,0.85,0.85,1.0,7
RIBTW,2015-10-01,0.84,0.84,0.84,0.84,100,0.84,0.0,0.84,0.84,0.84,1.0,100
RIBTW,2015-10-02,0.849,0.849,0.849,0.849,100,0.849,0.0,0.849,0.849,0.849,1.0,100
RIBTW,2015-10-05,0.849,0.849,0.849,0.849,0,0.849,0.0,0.849,0.849,0.849,1.0,0
RIBTW,2015-10-06,0.8,0.8,0.7,0.7,600,0.8,0.0,0.8,0.7,0.7,1.0,600
RIBTW,2015-10-07,0.8,0.8,0.705,0.705,614,0.8,0.0,0.8,0.705,0.705,1.0,614
RIBTW,2015-10-08,0.7,0.7,0.5999,0.7,6288,0.7,0.0,0.7,0.5999,0.7,1.0,6288
RIBTW,2015-10-09,0.7,0.7,0.7,0.7,0,0.7,0.0,0.7,0.7,0.7,1.0,0
RIBTW,2015-10-12,0.7,0.7,0.7,0.7,1000,0.7,0.0,0.7,0.7,0.7,1.0,1000
RIBTW,2015-10-13,0.7,0.7,0.7,0.7,500,0.7,0.0,0.7,0.7,0.7,1.0,500
RIBTW,2015-10-14,0.5306,0.5306,0.45,0.45,4207,0.5306,0.0,0.5306,0.45,0.45,1.0,4207
RIBTW,2015-10-15,0.6501,0.6501,0.6,0.6,2207,0.6501,0.0,0.6501,0.6,0.6,1.0,2207
RIBTW,2015-10-16,0.7,0.7,0.7,0.7,100,0.7,0.0,0.7,0.7,0.7,1.0,100
RIBTW,2015-10-19,0.6805,0.6805,0.6805,0.6805,100,0.6805,0.0,0.6805,0.6805,0.6805,1.0,100
RIBTW,2015-10-20,0.68,0.68,0.68,0.68,100,0.68,0.0,0.68,0.68,0.68,1.0,100
RIBTW,2015-10-21,0.6736,0.6736,0.6736,0.6736,100,0.6736,0.0,0.6736,0.6736,0.6736,1.0,100
RIBTW,2015-10-22,0.6736,0.6736,0.6736,0.6736,0,0.6736,0.0,0.6736,0.6736,0.6736,1.0,0
RIBTW,2015-10-23,0.6768,0.6768,0.6768,0.6768,500,0.6768,0.0,0.6768,0.6768,0.6768,1.0,500
RIBTW,2015-10-26,0.6768,0.6768,0.6768,0.6768,0,0.6768,0.0,0.6768,0.6768,0.6768,1.0,0
RIBTW,2015-10-27,0.6768,0.6768,0.6768,0.6768,0,0.6768,0.0,0.6768,0.6768,0.6768,1.0,0
RIBTW,2015-10-28,0.6768,0.6768,0.6768,0.6768,0,0.6768,0.0,0.6768,0.6768,0.6768,1.0,0
RIBTW,2015-10-29,0.6768,0.6768,0.6768,0.6768,0,0.6768,0.0,0.6768,0.6768,0.6768,1.0,0
RIBTW,2015-10-30,0.6768,0.6768,0.6768,0.6768,0,0.6768,0.0,0.6768,0.6768,0.6768,1.0,0
RIBTW,2015-11-02,0.6768,0.6768,0.6768,0.6768,0,0.6768,0.0,0.6768,0.6768,0.6768,1.0,0
RIBTW,2015-11-03,0.67,0.67,0.67,0.67,500,0.67,0.0,0.67,0.67,0.67,1.0,500
RIBTW,2015-11-04,0.67,0.67,0.67,0.67,0,0.67,0.0,0.67,0.67,0.67,1.0,0
RIBTW,2015-11-05,0.67,0.67,0.67,0.67,0,0.67,0.0,0.67,0.67,0.67,1.0,0
RIBTW,2015-11-06,0.69,0.69,0.69,0.69,710,0.69,0.0,0.69,0.69,0.69,1.0,710
RIBTW,2015-11-09,0.36,0.36,0.36,0.36,505,0.36,0.0,0.36,0.36,0.36,1.0,505
RIBTW,2015-11-10,0.5,0.68,0.5,0.68,4500,0.5,0.0,0.68,0.5,0.68,1.0,4500
RIBTW,2015-11-11,0.5,0.5,0.5,0.5,0,0.5,0.0,0.5,0.5,0.5,1.0,0
RIBTW,2015-11-12,0.5,0.5,0.5,0.5,0,0.5,0.0,0.5,0.5,0.5,1.0,0
RIBTW,2015-11-13,0.5,0.5,0.5,0.5,0,0.5,0.0,0.5,0.5,0.5,1.0,0
RIBTW,2015-11-16,0.5,0.5,0.5,0.5,0,0.5,0.0,0.5,0.5,0.5,1.0,0
RIBTW,2015-11-17,0.5,0.5,0.5,0.5,0,0.5,0.0,0.5,0.5,0.5,1.0,0
RIBTW,2015-11-18,0.42,0.6,0.42,0.6,10500,0.42,0.0,0.6,0.42,0.6,1.0,10500
RIBTW,2015-11-19,0.42,0.42,0.42,0.42,0,0.42,0.0,0.42,0.42,0.42,1.0,0
RIBTW,2015-11-20,0.42,0.42,0.42,0.42,805,0.42,0.0,0.42,0.42,0.42,1.0,805
RIBTW,2015-11-23,0.42,0.42,0.42,0.42,0,0.42,0.0,0.42,0.42,0.42,1.0,0
RIBTW,2015-11-24,0.42,0.42,0.42,0.42,10,0.42,0.0,0.42,0.42,0.42,1.0,10
RIBTW,2015-11-25,0.61,0.61,0.61,0.61,854,0.61,0.0,0.61,0.61,0.61,1.0,854
RIBTW,2015-11-27,0.61,0.61,0.61,0.61,0,0.61,0.0,0.61,0.61,0.61,1.0,0
RIBTW,2015-11-30,0.585,0.585,0.42,0.42,1200,0.585,0.0,0.585,0.42,0.42,1.0,1200
RIBTW,2015-12-01,0.67,0.67,0.67,0.67,100,0.67,0.0,0.67,0.67,0.67,1.0,100
RIBTW,2015-12-02,0.67,0.67,0.67,0.67,0,0.67,0.0,0.67,0.67,0.67,1.0,0
RIBTW,2015-12-03,0.67,0.67,0.67,0.67,0,0.67,0.0,0.67,0.67,0.67,1.0,0
RIBTW,2015-12-04,0.67,0.67,0.67,0.67,0,0.67,0.0,0.67,0.67,0.67,1.0,0
RIBTW,2015-12-07,0.67,0.67,0.67,0.67,2,0.67,0.0,0.67,0.67,0.67,1.0,2
RIBTW,2015-12-08,0.67,0.67,0.67,0.67,0,0.67,0.0,0.67,0.67,0.67,1.0,0
RIBTW,2015-12-09,0.67,0.67,0.67,0.67,0,0.67,0.0,0.67,0.67,0.67,1.0,0
RIBTW,2015-12-10,0.6499,0.6499,0.6499,0.6499,100,0.6499,0.0,0.6499,0.6499,0.6499,1.0,100
RIBTW,2015-12-11,0.64,0.64,0.42,0.42,1669,0.64,0.0,0.64,0.42,0.42,1.0,1669
RIBTW,2015-12-14,0.64,0.64,0.64,0.64,0,0.64,0.0,0.64,0.64,0.64,1.0,0
RIBTW,2015-12-15,0.64,0.64,0.6,0.6,600,0.64,0.0,0.64,0.6,0.6,1.0,600
RIBTW,2015-12-16,0.64,0.64,0.64,0.64,0,0.64,0.0,0.64,0.64,0.64,1.0,0
RIBTW,2015-12-17,0.64,0.64,0.64,0.64,0,0.64,0.0,0.64,0.64,0.64,1.0,0
RIBTW,2015-12-18,0.64,0.64,0.64,0.64,0,0.64,0.0,0.64,0.64,0.64,1.0,0
RIBTW,2015-12-21,0.5,0.5,0.5,0.5,6000,0.5,0.0,0.5,0.5,0.5,1.0,6000
RIBTW,2015-12-22,0.48,0.48,0.42,0.42,5031,0.48,0.0,0.48,0.42,0.42,1.0,5031
RIBTW,2015-12-23,0.4799,0.48,0.4,0.4,1369,0.4799,0.0,0.48,0.4,0.4,1.0,1369
RIBTW,2015-12-24,0.4799,0.4799,0.4799,0.4799,0,0.4799,0.0,0.4799,0.4799,0.4799,1.0,0
RIBTW,2015-12-28,0.4799,0.4799,0.4799,0.4799,0,0.4799,0.0,0.4799,0.4799,0.4799,1.0,0
RIBTW,2015-12-29,0.4799,0.4799,0.4799,0.4799,0,0.4799,0.0,0.4799,0.4799,0.4799,1.0,0
RIBTW,2015-12-30,0.4799,0.4799,0.4799,0.4799,0,0.4799,0.0,0.4799,0.4799,0.4799,1.0,0
RIBTW,2015-12-31,0.5,0.5,0.5,0.5,136,0.5,0.0,0.5,0.5,0.5,1.0,136
RIBTW,2016-01-04,0.5,0.5,0.5,0.5,0,0.5,0.0,0.5,0.5,0.5,1.0,0
RIBTW,2016-01-05,0.5,0.5,0.5,0.5,0,0.5,0.0,0.5,0.5,0.5,1.0,0
RIBTW,2016-01-06,0.45,0.5,0.45,0.5,14093,0.45,0.0,0.5,0.45,0.5,1.0,14093
RIBTW,2016-01-07,0.4,0.63,0.4,0.63,2500,0.4,0.0,0.63,0.4,0.63,1.0,2500
RIBTW,2016-01-08,0.6,0.6,0.6,0.6,500,0.6,0.0,0.6,0.6,0.6,1.0,500
RIBTW,2016-01-11,0.6,0.6,0.6,0.6,0,0.6,0.0,0.6,0.6,0.6,1.0,0
RIBTW,2016-01-12,0.6,0.6,0.6,0.6,0,0.6,0.0,0.6,0.6,0.6,1.0,0
RIBTW,2016-01-13,0.6,0.6,0.6,0.6,0,0.6,0.0,0.6,0.6,0.6,1.0,0
RIBTW,2016-01-14,0.6,0.6,0.6,0.6,0,0.6,0.0,0.6,0.6,0.6,1.0,0
RIBTW,2016-01-15,0.6,0.6,0.6,0.6,0,0.6,0.0,0.6,0.6,0.6,1.0,0
RIBTW,2016-01-19,0.6,0.6,0.6,0.6,0,0.6,0.0,0.6,0.6,0.6,1.0,0
RIBTW,2016-01-20,0.6,0.6,0.6,0.6,0,0.6,0.0,0.6,0.6,0.6,1.0,0
RIBTW,2016-01-21,0.6,0.6,0.6,0.6,0,0.6,0.0,0.6,0.6,0.6,1.0,0
RIBTW,2016-01-22,0.6,0.6,0.6,0.6,1,0.6,0.0,0.6,0.6,0.6,1.0,1
RIBTW,2016-01-25,0.6,0.6,0.6,0.6,0,0.6,0.0,0.6,0.6,0.6,1.0,0
RIBTW,2016-01-26,0.6,0.6,0.5,0.5,601,0.6,0.0,0.6,0.5,0.5,1.0,601
RIBTW,2016-01-27,0.6,0.6,0.6,0.6,0,0.6,0.0,0.6,0.6,0.6,1.0,0
RIBTW,2016-01-28,0.6,0.6,0.6,0.6,0,0.6,0.0,0.6,0.6,0.6,1.0,0
RIBTW,2016-01-29,0.6,0.6,0.6,0.6,0,0.6,0.0,0.6,0.6,0.6,1.0,0
RIBTW,2016-02-01,0.64,0.64,0.5,0.5,4700,0.64,0.0,0.64,0.5,0.5,1.0,4700
RIBTW,2016-02-02,0.5,0.5229,0.5,0.5072,2800,0.5,0.0,0.5229,0.5,0.5072,1.0,2800
RIBTW,2016-02-03,0.5,0.5,0.5,0.5,0,0.5,0.0,0.5,0.5,0.5,1.0,0
RIBTW,2016-02-04,0.79,0.79,0.79,0.79,100,0.79,0.0,0.79,0.79,0.79,1.0,100
RIBTW,2016-02-05,0.6584,0.6584,0.5,0.5,1109,0.6584,0.0,0.6584,0.5,0.5,1.0,1109
RIBTW,2016-02-08,0.9399,0.9399,0.9399,0.9399,100,0.9399,0.0,0.9399,0.9399,0.9399,1.0,100
RIBTW,2016-02-09,0.9064,0.9064,0.9064,0.9064,1013,0.9064,0.0,0.9064,0.9064,0.9064,1.0,1013
RIBTW,2016-02-10,0.9064,0.9064,0.9064,0.9064,2,0.9064,0.0,0.9064,0.9064,0.9064,1.0,2
RIBTW,2016-02-11,0.7455,0.88,0.55,0.55,4102,0.7455,0.0,0.88,0.55,0.55,1.0,4102
RIBTW,2016-02-12,0.6985,0.6985,0.5499,0.58,2349,0.6985,0.0,0.6985,0.5499,0.58,1.0,2349
RIBTW,2016-02-16,0.62,0.62,0.5,0.53,3102,0.62,0.0,0.62,0.5,0.53,1.0,3102
RIBTW,2016-02-17,0.45,0.54,0.4,0.54,24302,0.45,0.0,0.54,0.4,0.54,1.0,24302
RIBTW,2016-02-18,0.47,0.509,0.47,0.47,926,0.47,0.0,0.509,0.47,0.47,1.0,926
RIBTW,2016-02-19,0.4199,0.42,0.3321,0.42,3105,0.4199,0.0,0.42,0.3321,0.42,1.0,3105
RIBTW,2016-02-22,0.4199,0.4199,0.4199,0.4199,0,0.4199,0.0,0.4199,0.4199,0.4199,1.0,0
RIBTW,2016-02-23,0.4199,0.4199,0.4199,0.4199,25,0.4199,0.0,0.4199,0.4199,0.4199,1.0,25
RIBTW,2016-02-24,0.4199,0.4199,0.4199,0.4199,12,0.4199,0.0,0.4199,0.4199,0.4199,1.0,12
RIBTW,2016-02-25,0.4199,0.4199,0.4199,0.4199,2,0.4199,0.0,0.4199,0.4199,0.4199,1.0,2
RIBTW,2016-02-26,0.4199,0.4199,0.4199,0.4199,2,0.4199,0.0,0.4199,0.4199,0.4199,1.0,2
RIBTW,2016-02-29,0.54,0.54,0.54,0.54,100,0.54,0.0,0.54,0.54,0.54,1.0,100
RIBTW,2016-03-01,0.54,0.54,0.54,0.54,4,0.54,0.0,0.54,0.54,0.54,1.0,4
RIBTW,2016-03-02,0.5399,0.5399,0.51,0.51,500,0.5399,0.0,0.5399,0.51,0.51,1.0,500
RIBTW,2016-03-03,0.5399,0.5399,0.5399,0.5399,0,0.5399,0.0,0.5399,0.5399,0.5399,1.0,0
RIBTW,2016-03-04,0.54,0.54,0.14,0.14,1186,0.54,0.0,0.54,0.14,0.14,1.0,1186
RIBTW,2016-03-07,0.495,0.4999,0.49,0.4999,5874,0.495,0.0,0.4999,0.49,0.4999,1.0,5874
RIBTW,2016-03-08,0.4799,0.4799,0.14,0.14,320,0.4799,0.0,0.4799,0.14,0.14,1.0,320
RIBTW,2016-03-09,0.4799,0.4799,0.4799,0.4799,5,0.4799,0.0,0.4799,0.4799,0.4799,1.0,5
RIBTW,2016-03-10,0.3447,0.3447,0.14,0.15,8998,0.3447,0.0,0.3447,0.14,0.15,1.0,8998
RIBTW,2016-03-11,0.45,0.45,0.45,0.45,264,0.45,0.0,0.45,0.45,0.45,1.0,264
RIBTW,2016-03-14,0.41,0.41,0.41,0.41,142,0.41,0.0,0.41,0.41,0.41,1.0,142
RIBTW,2016-03-15,0.41,0.41,0.41,0.41,1,0.41,0.0,0.41,0.41,0.41,1.0,1
RIBTW,2016-03-16,0.4179,0.4179,0.3,0.3,1501,0.4179,0.0,0.4179,0.3,0.3,1.0,1501
RIBTW,2016-03-17,0.4179,0.4179,0.4179,0.4179,0,0.4179,0.0,0.4179,0.4179,0.4179,1.0,0
RIBTW,2016-03-18,0.3,0.4,0.3,0.4,3200,0.3,0.0,0.4,0.3,0.4,1.0,3200
RIBTW,2016-03-21,0.3,0.3,0.3,0.3,0,0.3,0.0,0.3,0.3,0.3,1.0,0
RIBTW,2016-03-22,0.39,0.39,0.36,0.36,501,0.39,0.0,0.39,0.36,0.36,1.0,501
RIBTW,2016-03-23,0.39,0.39,0.39,0.39,0,0.39,0.0,0.39,0.39,0.39,1.0,0
RIBTW,2016-03-24,0.17,0.17,0.17,0.17,1066,0.17,0.0,0.17,0.17,0.17,1.0,1066
RIBTW,2016-03-28,0.21,0.21,0.201,0.201,3209,0.21,0.0,0.21,0.201,0.201,1.0,3209
RIBTW,2016-03-29,0.298,0.298,0.17,0.17,3603,0.298,0.0,0.298,0.17,0.17,1.0,3603
RIBTW,2016-03-30,0.33,0.335,0.17,0.17,1635,0.33,0.0,0.335,0.17,0.17,1.0,1635
RIBTW,2016-03-31,0.33,0.33,0.33,0.33,1,0.33,0.0,0.33,0.33,0.33,1.0,1
RIBTW,2016-04-01,0.33,0.33,0.33,0.33,10,0.33,0.0,0.33,0.33,0.33,1.0,10
RIBTW,2016-04-04,0.33,0.33,0.33,0.33,1,0.33,0.0,0.33,0.33,0.33,1.0,1
RIBTW,2016-04-05,0.34,0.4,0.18,0.23,3107,0.34,0.0,0.4,0.18,0.23,1.0,3107
RIBTW,2016-04-06,0.34,0.34,0.34,0.34,68,0.34,0.0,0.34,0.34,0.34,1.0,68
RIBTW,2016-04-07,0.34,0.34,0.34,0.34,2,0.34,0.0,0.34,0.34,0.34,1.0,2
RIBTW,2016-04-08,0.34,0.34,0.34,0.34,4,0.34,0.0,0.34,0.34,0.34,1.0,4
RIBTW,2016-04-11,0.4,0.4,0.28,0.4,2790,0.4,0.0,0.4,0.28,0.4,1.0,2790
RIBTW,2016-04-12,0.4,0.4,0.2,0.2,1301,0.4,0.0,0.4,0.2,0.2,1.0,1301
RIBTW,2016-04-13,0.4,0.4,0.4,0.4,2,0.4,0.0,0.4,0.4,0.4,1.0,2
RIBTW,2016-04-14,0.4,0.4,0.4,0.4,80,0.4,0.0,0.4,0.4,0.4,1.0,80
RIBTW,2016-04-15,0.4,0.4,0.4,0.4,1,0.4,0.0,0.4,0.4,0.4,1.0,1
RIBTW,2016-04-18,0.4,0.4,0.4,0.4,71,0.4,0.0,0.4,0.4,0.4,1.0,71
RIBTW,2016-04-19,0.4,0.4,0.4,0.4,0,0.4,0.0,0.4,0.4,0.4,1.0,0
RIBTW,2016-04-20,0.4,0.4,0.4,0.4,0,0.4,0.0,0.4,0.4,0.4,1.0,0
RIBTW,2016-04-21,0.4,0.4,0.4,0.4,0,0.4,0.0,0.4,0.4,0.4,1.0,0
RIBTW,2016-04-22,0.4,0.4,0.4,0.4,0,0.4,0.0,0.4,0.4,0.4,1.0,0
RIBTW,2016-04-25,0.38,0.38,0.3,0.37,2429,0.38,0.0,0.38,0.3,0.37,1.0,2429
RIBTW,2016-04-26,0.38,0.38,0.38,0.38,2,0.38,0.0,0.38,0.38,0.38,1.0,2
RIBTW,2016-04-27,0.49,0.49,0.232,0.232,783,0.49,0.0,0.49,0.232,0.232,1.0,783
RIBTW,2016-04-28,0.49,0.49,0.49,0.49,92,0.49,0.0,0.49,0.49,0.49,1.0,92
RIBTW,2016-04-29,0.43,0.43,0.43,0.43,711,0.43,0.0,0.43,0.43,0.43,1.0,711
RIBTW,2016-05-02,0.43,0.43,0.43,0.43,0,0.43,0.0,0.43,0.43,0.43,1.0,0
RIBTW,2016-05-03,0.3,0.3,0.3,0.3,4037,0.3,0.0,0.3,0.3,0.3,1.0,4037
RIBTW,2016-05-04,0.4,0.4,0.39,0.4,2469,0.4,0.0,0.4,0.39,0.4,1.0,2469
RIBTW,2016-05-05,0.4,0.4,0.4,0.4,0,0.4,0.0,0.4,0.4,0.4,1.0,0
RIBTW,2016-05-06,0.4,0.4,0.4,0.4,1,0.4,0.0,0.4,0.4,0.4,1.0,1
RIBTW,2016-05-09,0.4,0.4,0.4,0.4,0,0.4,0.0,0.4,0.4,0.4,1.0,0
RIBTW,2016-05-10,0.4,0.4,0.4,0.4,200,0.4,0.0,0.4,0.4,0.4,1.0,200
RIBTW,2016-05-11,0.4,0.4,0.4,0.4,6,0.4,0.0,0.4,0.4,0.4,1.0,6
RIBTW,2016-05-12,0.4,0.4,0.35,0.35,900,0.4,0.0,0.4,0.35,0.35,1.0,900
RIBTW,2016-05-13,0.4,0.4,0.4,0.4,0,0.4,0.0,0.4,0.4,0.4,1.0,0
RIBTW,2016-05-16,0.4,0.4,0.4,0.4,0,0.4,0.0,0.4,0.4,0.4,1.0,0
RIBTW,2016-05-17,0.3,0.3,0.3,0.3,1069,0.3,0.0,0.3,0.3,0.3,1.0,1069
RIBTW,2016-05-18,0.3,0.3,0.3,0.3,0,0.3,0.0,0.3,0.3,0.3,1.0,0
RIBTW,2016-05-19,0.3,0.3,0.3,0.3,7637,0.3,0.0,0.3,0.3,0.3,1.0,7637
RIBTW,2016-05-20,0.3,0.3,0.3,0.3,0,0.3,0.0,0.3,0.3,0.3,1.0,0
RIBTW,2016-05-23,0.3,0.3,0.3,0.3,10,0.3,0.0,0.3,0.3,0.3,1.0,10
RIBTW,2016-05-24,0.3,0.3,0.2901,0.2901,1368,0.3,0.0,0.3,0.2901,0.2901,1.0,1368
RIBTW,2016-05-25,0.3,0.3,0.3,0.3,0,0.3,0.0,0.3,0.3,0.3,1.0,0
RIBTW,2016-05-26,0.3,0.3,0.25,0.3,1730,0.3,0.0,0.3,0.25,0.3,1.0,1730
RIBTW,2016-05-27,0.3,0.3,0.201,0.201,3380,0.3,0.0,0.3,0.201,0.201,1.0,3380
RIBTW,2016-05-31,0.3,0.3,0.3,0.3,0,0.3,0.0,0.3,0.3,0.3,1.0,0
RIBTW,2016-06-01,0.3,0.3,0.3,0.3,967,0.3,0.0,0.3,0.3,0.3,1.0,967
RIBTW,2016-06-02,0.3,0.3,0.3,0.3,0,0.3,0.0,0.3,0.3,0.3,1.0,0
RIBTW,2016-06-03,0.345,0.345,0.345,0.345,310,0.345,0.0,0.345,0.345,0.345,1.0,310
RIBTW,2016-06-06,0.4,0.4,0.2565,0.349,1553,0.4,0.0,0.4,0.2565,0.349,1.0,1553
RIBTW,2016-06-07,0.45,0.45,0.2,0.2,959,0.45,0.0,0.45,0.2,0.2,1.0,959
RIBTW,2016-06-08,0.45,0.45,0.45,0.45,0,0.45,0.0,0.45,0.45,0.45,1.0,0
RIBTW,2016-06-09,0.45,0.45,0.45,0.45,3,0.45,0.0,0.45,0.45,0.45,1.0,3
RIBTW,2016-06-10,0.45,0.45,0.45,0.45,0,0.45,0.0,0.45,0.45,0.45,1.0,0
RIBTW,2016-06-13,0.45,0.45,0.45,0.45,285,0.45,0.0,0.45,0.45,0.45,1.0,285
RIBTW,2016-06-14,0.45,0.45,0.3,0.45,1000,0.45,0.0,0.45,0.3,0.45,1.0,1000
RIBTW,2016-06-15,0.45,0.45,0.45,0.45,0,0.45,0.0,0.45,0.45,0.45,1.0,0
RIBTW,2016-06-16,0.31,0.3325,0.31,0.31,550,0.31,0.0,0.3325,0.31,0.31,1.0,550
RIBTW,2016-06-17,0.45,0.45,0.45,0.45,100,0.45,0.0,0.45,0.45,0.45,1.0,100
RIBTW,2016-06-20,0.3551,0.38,0.3551,0.3551,2200,0.3551,0.0,0.38,0.3551,0.3551,1.0,2200
RIBTW,2016-06-21,0.45,0.45,0.45,0.45,500,0.45,0.0,0.45,0.45,0.45,1.0,500
RIBTW,2016-06-22,0.45,0.45,0.45,0.45,0,0.45,0.0,0.45,0.45,0.45,1.0,0
RIBTW,2016-06-23,0.45,0.45,0.45,0.45,0,0.45,0.0,0.45,0.45,0.45,1.0,0
RIBTW,2016-06-24,0.45,0.45,0.45,0.45,3,0.45,0.0,0.45,0.45,0.45,1.0,3
RIBTW,2016-06-27,0.45,0.45,0.45,0.45,3,0.45,0.0,0.45,0.45,0.45,1.0,3
RIBTW,2016-06-28,0.45,0.45,0.45,0.45,6,0.45,0.0,0.45,0.45,0.45,1.0,6
RIBTW,2016-06-29,0.45,0.45,0.45,0.45,500,0.45,0.0,0.45,0.45,0.45,1.0,500
RIBTW,2016-06-30,0.45,0.45,0.45,0.45,0,0.45,0.0,0.45,0.45,0.45,1.0,0
RIBTW,2016-07-01,0.45,0.45,0.45,0.45,100,0.45,0.0,0.45,0.45,0.45,1.0,100
RIBTW,2016-07-05,0.45,0.45,0.45,0.45,99,0.45,0.0,0.45,0.45,0.45,1.0,99
RIBTW,2016-07-06,0.45,0.45,0.45,0.45,0,0.45,0.0,0.45,0.45,0.45,1.0,0
RIBTW,2016-07-07,0.45,0.45,0.4,0.4,6400,0.45,0.0,0.45,0.4,0.4,1.0,6400
RIBTW,2016-07-08,0.45,0.45,0.45,0.45,0,0.45,0.0,0.45,0.45,0.45,1.0,0
RIBTW,2016-07-11,0.45,0.45,0.45,0.45,96,0.45,0.0,0.45,0.45,0.45,1.0,96
RIBTW,2016-07-12,0.45,0.45,0.45,0.45,0,0.45,0.0,0.45,0.45,0.45,1.0,0
RIBTW,2016-07-13,0.45,0.45,0.45,0.45,0,0.45,0.0,0.45,0.45,0.45,1.0,0
RIBTW,2016-07-14,0.45,0.45,0.45,0.45,8,0.45,0.0,0.45,0.45,0.45,1.0,8
RIBTW,2016-07-15,0.3,0.3909,0.2,0.24,22478,0.3,0.0,0.3909,0.2,0.24,1.0,22478
RIBTW,2016-07-18,0.3,0.45,0.3,0.35,7144,0.3,0.0,0.45,0.3,0.35,1.0,7144
RIBTW,2016-07-19,0.242,0.29,0.2305,0.29,3468,0.242,0.0,0.29,0.2305,0.29,1.0,3468
RIBTW,2016-07-20,0.2899,0.29,0.242,0.29,3446,0.2899,0.0,0.29,0.242,0.29,1.0,3446
RIBTW,2016-07-21,0.3,0.44,0.24,0.44,4630,0.3,0.0,0.44,0.24,0.44,1.0,4630
RIBTW,2016-07-22,0.37,0.37,0.35,0.35,250,0.37,0.0,0.37,0.35,0.35,1.0,250
RIBTW,2016-07-25,0.37,0.37,0.37,0.37,103,0.37,0.0,0.37,0.37,0.37,1.0,103
RIBTW,2016-07-26,0.252,0.37,0.24,0.37,2000,0.252,0.0,0.37,0.24,0.37,1.0,2000
RIBTW,2016-07-27,0.3675,0.3676,0.28,0.35,5096,0.3675,0.0,0.3676,0.28,0.35,1.0,5096
RIBTW,2016-07-28,0.3803,0.3805,0.38,0.38,8170,0.3803,0.0,0.3805,0.38,0.38,1.0,8170
RIBTW,2016-07-29,0.3803,0.3803,0.3803,0.3803,1,0.3803,0.0,0.3803,0.3803,0.3803,1.0,1
RIBTW,2016-08-01,0.38,0.38,0.38,0.38,136,0.38,0.0,0.38,0.38,0.38,1.0,136
RIBTW,2016-08-02,0.43,0.43,0.385,0.385,9986,0.43,0.0,0.43,0.385,0.385,1.0,9986
RIBTW,2016-08-03,0.43,0.43,0.43,0.43,10,0.43,0.0,0.43,0.43,0.43,1.0,10
RIBTW,2016-08-04,0.43,0.43,0.43,0.43,10,0.43,0.0,0.43,0.43,0.43,1.0,10
RIBTW,2016-08-05,0.43,0.43,0.43,0.43,0,0.43,0.0,0.43,0.43,0.43,1.0,0
RIBTW,2016-08-08,0.43,0.43,0.43,0.43,45,0.43,0.0,0.43,0.43,0.43,1.0,45
RIBTW,2016-08-09,0.43,0.43,0.43,0.43,25,0.43,0.0,0.43,0.43,0.43,1.0,25
RIBTW,2016-08-10,0.43,0.43,0.43,0.43,20,0.43,0.0,0.43,0.43,0.43,1.0,20
RIBTW,2016-08-11,0.43,0.43,0.43,0.43,5,0.43,0.0,0.43,0.43,0.43,1.0,5
RIBTW,2016-08-12,0.43,0.43,0.43,0.43,200,0.43,0.0,0.43,0.43,0.43,1.0,200
RIBTW,2016-08-15,0.43,0.43,0.43,0.43,570,0.43,0.0,0.43,0.43,0.43,1.0,570
RIBTW,2016-08-16,0.29,0.29,0.24,0.27,9231,0.29,0.0,0.29,0.24,0.27,1.0,9231
RIBTW,2016-08-17,0.3969,0.3969,0.29,0.29,2150,0.3969,0.0,0.3969,0.29,0.29,1.0,2150
RIBTW,2016-08-18,0.3256,0.3356,0.155,0.155,10201,0.3256,0.0,0.3356,0.155,0.155,1.0,10201
RIBTW,2016-08-19,0.3256,0.3256,0.3256,0.3256,0,0.3256,0.0,0.3256,0.3256,0.3256,1.0,0
RIBTW,2016-08-22,0.29,0.29,0.2302,0.2302,2525,0.29,0.0,0.29,0.2302,0.2302,1.0,2525
RIBTW,2016-08-23,0.29,0.29,0.29,0.29,20,0.29,0.0,0.29,0.29,0.29,1.0,20
RIBTW,2016-08-24,0.29,0.29,0.29,0.29,0,0.29,0.0,0.29,0.29,0.29,1.0,0
RIBTW,2016-08-25,0.2597,0.2597,0.156,0.2107,95439,0.2597,0.0,0.2597,0.156,0.2107,1.0,95439
RIBTW,2016-08-26,0.2597,0.2597,0.2597,0.2597,0,0.2597,0.0,0.2597,0.2597,0.2597,1.0,0
RIBTW,2016-08-29,0.3,0.3,0.1563,0.1563,711,0.3,0.0,0.3,0.1563,0.1563,1.0,711
RIBTW,2016-08-30,0.35,0.35,0.35,0.35,100,0.35,0.0,0.35,0.35,0.35,1.0,100
RIBTW,2016-08-31,0.3636,0.42,0.2907,0.3636,551,0.3636,0.0,0.42,0.2907,0.3636,1.0,551
RIBTW,2016-09-01,0.3598,0.3817,0.3598,0.3817,1202,0.3598,0.0,0.3817,0.3598,0.3817,1.0,1202
RIBTW,2016-09-02,0.36,0.37,0.36,0.37,613,0.36,0.0,0.37,0.36,0.37,1.0,613
RIBTW,2016-09-06,0.37,0.37,0.19,0.19,300,0.37,0.0,0.37,0.19,0.19,1.0,300
RIBTW,2016-09-07,0.37,0.37,0.37,0.37,100,0.37,0.0,0.37,0.37,0.37,1.0,100
RIBTW,2016-09-08,0.37,0.37,0.37,0.37,0,0.37,0.0,0.37,0.37,0.37,1.0,0
RIBTW,2016-09-09,0.37,0.37,0.37,0.37,110,0.37,0.0,0.37,0.37,0.37,1.0,110
RIBTW,2016-09-12,0.37,0.37,0.37,0.37,0,0.37,0.0,0.37,0.37,0.37,1.0,0
RIBTW,2016-09-13,0.37,0.37,0.37,0.37,10,0.37,0.0,0.37,0.37,0.37,1.0,10
RIBTW,2016-09-14,0.37,0.37,0.37,0.37,0,0.37,0.0,0.37,0.37,0.37,1.0,0
RIBTW,2016-09-15,0.36,0.36,0.36,0.36,100,0.36,0.0,0.36,0.36,0.36,1.0,100
RIBTW,2016-09-16,0.36,0.36,0.36,0.36,0,0.36,0.0,0.36,0.36,0.36,1.0,0
RIBTW,2016-09-19,0.36,0.36,0.16,0.16,613,0.36,0.0,0.36,0.16,0.16,1.0,613
RIBTW,2016-09-20,0.2,0.2,0.2,0.2,130,0.2,0.0,0.2,0.2,0.2,1.0,130
RIBTW,2016-09-21,0.22,0.34,0.22,0.34,3025,0.22,0.0,0.34,0.22,0.34,1.0,3025
RIBTW,2016-09-22,0.32,0.34,0.32,0.34,242,0.32,0.0,0.34,0.32,0.34,1.0,242
RIBTW,2016-09-23,0.32,0.32,0.32,0.32,127,0.32,0.0,0.32,0.32,0.32,1.0,127
RIBTW,2016-09-26,0.32,0.32,0.32,0.32,0,0.32,0.0,0.32,0.32,0.32,1.0,0
RIBTW,2016-09-27,0.32,0.32,0.32,0.32,42,0.32,0.0,0.32,0.32,0.32,1.0,42
RIBTW,2016-09-28,0.34,0.34,0.33,0.33,318,0.34,0.0,0.34,0.33,0.33,1.0,318
RIBTW,2016-09-29,0.34,0.34,0.34,0.34,14,0.34,0.0,0.34,0.34,0.34,1.0,14
RIBTW,2016-09-30,0.34,0.34,0.34,0.34,29,0.34,0.0,0.34,0.34,0.34,1.0,29
RIBTW,2016-10-03,0.34,0.34,0.34,0.34,181,0.34,0.0,0.34,0.34,0.34,1.0,181
RIBTW,2016-10-04,0.25,0.35,0.161,0.35,5194,0.25,0.0,0.35,0.161,0.35,1.0,5194
RIBTW,2016-10-05,0.35,0.35,0.3499,0.35,722,0.35,0.0,0.35,0.3499,0.35,1.0,722
RIBTW,2016-10-06,0.2805,0.3499,0.1801,0.1801,1702,0.2805,0.0,0.3499,0.1801,0.1801,1.0,1702
RIBTW,2016-10-07,0.35,0.35,0.35,0.35,500,0.35,0.0,0.35,0.35,0.35,1.0,500
RIBTW,2016-10-10,0.35,0.35,0.35,0.35,66,0.35,0.0,0.35,0.35,0.35,1.0,66
RIBTW,2016-10-11,0.35,0.35,0.35,0.35,0,0.35,0.0,0.35,0.35,0.35,1.0,0
RIBTW,2016-10-12,0.35,0.35,0.35,0.35,0,0.35,0.0,0.35,0.35,0.35,1.0,0
RIBTW,2016-10-13,0.35,0.35,0.35,0.35,5,0.35,0.0,0.35,0.35,0.35,1.0,5
RIBTW,2016-10-14,0.35,0.35,0.35,0.35,105,0.35,0.0,0.35,0.35,0.35,1.0,105
RIBTW,2016-10-17,0.35,0.35,0.35,0.35,100,0.35,0.0,0.35,0.35,0.35,1.0,100
RIBTW,2016-10-18,0.2799,0.28,0.2799,0.28,1000,0.2799,0.0,0.28,0.2799,0.28,1.0,1000
RIBTW,2016-10-19,0.25,0.2792,0.19,0.27,1616,0.25,0.0,0.2792,0.19,0.27,1.0,1616
RIBTW,2016-10-20,0.25,0.25,0.25,0.25,2,0.25,0.0,0.25,0.25,0.25,1.0,2
RIBTW,2016-10-21,0.25,0.25,0.25,0.25,0,0.25,0.0,0.25,0.25,0.25,1.0,0
RIBTW,2016-10-24,0.25,0.25,0.25,0.25,16,0.25,0.0,0.25,0.25,0.25,1.0,16
RIBTW,2016-10-25,0.1941,0.1941,0.1941,0.1941,200,0.1941,0.0,0.1941,0.1941,0.1941,1.0,200
RIBTW,2016-10-26,0.201,0.2799,0.201,0.201,255,0.201,0.0,0.2799,0.201,0.201,1.0,255
RIBTW,2016-10-27,0.24,0.24,0.24,0.24,100,0.24,0.0,0.24,0.24,0.24,1.0,100
RIBTW,2016-10-28,0.252,0.252,0.252,0.252,114,0.252,0.0,0.252,0.252,0.252,1.0,114
RIBTW,2016-10-31,0.252,0.252,0.252,0.252,0,0.252,0.0,0.252,0.252,0.252,1.0,0
RIBTW,2016-11-01,0.22,0.22,0.22,0.22,7424,0.22,0.0,0.22,0.22,0.22,1.0,7424
RIBTW,2016-11-02,0.1811,0.2323,0.1811,0.1811,230,0.1811,0.0,0.2323,0.1811,0.1811,1.0,230
RIBTW,2016-11-03,0.156,0.156,0.156,0.156,119,0.156,0.0,0.156,0.156,0.156,1.0,119
RIBTW,2016-11-04,0.156,0.156,0.156,0.156,0,0.156,0.0,0.156,0.156,0.156,1.0,0
RIBTW,2016-11-07,0.2498,0.25,0.2498,0.25,2000,0.2498,0.0,0.25,0.2498,0.25,1.0,2000
RIBTW,2016-11-08,0.34,0.455,0.2939,0.35,3612,0.34,0.0,0.455,0.2939,0.35,1.0,3612
RIBTW,2016-11-09,0.442,0.442,0.442,0.442,136,0.442,0.0,0.442,0.442,0.442,1.0,136
RIBTW,2016-11-10,0.21,0.39,0.21,0.2935,1575,0.21,0.0,0.39,0.21,0.2935,1.0,1575
RIBTW,2016-11-11,0.2205,0.2205,0.2205,0.2205,2754,0.2205,0.0,0.2205,0.2205,0.2205,1.0,2754
RIBTW,2016-11-14,0.2205,0.2205,0.2205,0.2205,33,0.2205,0.0,0.2205,0.2205,0.2205,1.0,33
RIBTW,2016-11-15,0.31,0.31,0.205,0.222,2600,0.31,0.0,0.31,0.205,0.222,1.0,2600
RIBTW,2016-11-16,0.31,0.31,0.31,0.31,41,0.31,0.0,0.31,0.31,0.31,1.0,41
RIBTW,2016-11-17,0.2494,0.2501,0.17,0.205,12300,0.2494,0.0,0.2501,0.17,0.205,1.0,12300
RIBTW,2016-11-18,0.2174,0.2802,0.18,0.18,2150,0.2174,0.0,0.2802,0.18,0.18,1.0,2150
RIBTW,2016-11-21,0.299,0.299,0.19,0.19,700,0.299,0.0,0.299,0.19,0.19,1.0,700
RIBTW,2016-11-22,0.2498,0.2825,0.16,0.2825,3751,0.2498,0.0,0.2825,0.16,0.2825,1.0,3751
RIBTW,2016-11-23,0.2498,0.252,0.2498,0.25,2,0.2498,0.0,0.252,0.2498,0.25,1.0,2
RIBTW,2016-11-25,0.2498,0.2498,0.2498,0.2498,0,0.2498,0.0,0.2498,0.2498,0.2498,1.0,0
RIBTW,2016-11-28,0.1856,0.2498,0.14,0.2498,47077,0.1856,0.0,0.2498,0.14,0.2498,1.0,47077
RIBTW,2016-11-29,0.1625,0.25,0.14,0.1404,32651,0.1625,0.0,0.25,0.14,0.1404,1.0,32651
RIBTW,2016-11-30,0.14,0.16,0.14,0.15,7361,0.14,0.0,0.16,0.14,0.15,1.0,7361
RIBTW,2016-12-01,0.15,0.195,0.1183,0.195,942,0.15,0.0,0.195,0.1183,0.195,1.0,942
RIBTW,2016-12-02,0.18,0.189,0.1242,0.1242,2727,0.18,0.0,0.189,0.1242,0.1242,1.0,2727
RIBTW,2016-12-05,0.18,0.18,0.18,0.18,194,0.18,0.0,0.18,0.18,0.18,1.0,194
RIBTW,2016-12-06,0.18,0.18,0.18,0.18,689,0.18,0.0,0.18,0.18,0.18,1.0,689
RIBTW,2016-12-07,0.18,0.18,0.18,0.18,12,0.18,0.0,0.18,0.18,0.18,1.0,12
RIBTW,2016-12-08,0.2576,0.2576,0.2576,0.2576,172,0.2576,0.0,0.2576,0.2576,0.2576,1.0,172
RIBTW,2016-12-09,0.23,0.23,0.2097,0.2097,774,0.23,0.0,0.23,0.2097,0.2097,1.0,774
RIBTW,2016-12-12,0.1301,0.23,0.1301,0.23,322,0.1301,0.0,0.23,0.1301,0.23,1.0,322
RIBTW,2016-12-13,0.2,0.2015,0.2,0.2,426,0.2,0.0,0.2015,0.2,0.2,1.0,426
RIBTW,2016-12-14,0.2,0.2,0.2,0.2,0,0.2,0.0,0.2,0.2,0.2,1.0,0
RIBTW,2016-12-15,0.21,0.21,0.21,0.21,100,0.21,0.0,0.21,0.21,0.21,1.0,100
RIBTW,2016-12-16,0.24,0.24,0.1304,0.1304,1401,0.24,0.0,0.24,0.1304,0.1304,1.0,1401
RIBTW,2016-12-19,0.1504,0.2411,0.1504,0.2411,803,0.1504,0.0,0.2411,0.1504,0.2411,1.0,803
RIBTW,2016-12-20,0.1504,0.1504,0.1504,0.1504,100,0.1504,0.0,0.1504,0.1504,0.1504,1.0,100
RIBTW,2016-12-21,0.1504,0.1504,0.1504,0.1504,50,0.1504,0.0,0.1504,0.1504,0.1504,1.0,50
RIBTW,2016-12-22,0.1504,0.1504,0.1504,0.1504,4,0.1504,0.0,0.1504,0.1504,0.1504,1.0,4
RIBTW,2016-12-23,0.1504,0.1504,0.1504,0.1504,0,0.1504,0.0,0.1504,0.1504,0.1504,1.0,0
RIBTW,2016-12-27,0.16,0.16,0.16,0.16,100,0.16,0.0,0.16,0.16,0.16,1.0,100
RIBTW,2016-12-28,0.16,0.16,0.16,0.16,0,0.16,0.0,0.16,0.16,0.16,1.0,0
RIBTW,2016-12-29,0.25,0.25,0.25,0.25,500,0.25,0.0,0.25,0.25,0.25,1.0,500
RIBTW,2016-12-30,0.25,0.25,0.1504,0.1504,1478,0.25,0.0,0.25,0.1504,0.1504,1.0,1478
RIBTW,2017-01-03,0.2181,0.23,0.1508,0.1605,1647,0.2181,0.0,0.23,0.1508,0.1605,1.0,1647
RIBTW,2017-01-04,0.2181,0.2181,0.2181,0.2181,1,0.2181,0.0,0.2181,0.2181,0.2181,1.0,1
RIBTW,2017-01-05,0.2181,0.2181,0.2181,0.2181,6,0.2181,0.0,0.2181,0.2181,0.2181,1.0,6
RIBTW,2017-01-06,0.2,0.2,0.2,0.2,9710,0.2,0.0,0.2,0.2,0.2,1.0,9710
RIBTW,2017-01-09,0.2,0.2,0.2,0.2,23,0.2,0.0,0.2,0.2,0.2,1.0,23
RIBTW,2017-01-10,0.1898,0.1898,0.1504,0.1507,1540,0.1898,0.0,0.1898,0.1504,0.1507,1.0,1540
RIBTW,2017-01-11,0.1576,0.1832,0.1504,0.1504,9320,0.1576,0.0,0.1832,0.1504,0.1504,1.0,9320
RIBTW,2017-01-12,0.19,0.19,0.1832,0.1832,13357,0.19,0.0,0.19,0.1832,0.1832,1.0,13357
RIBTW,2017-01-13,0.2,0.2,0.1956,0.1956,826,0.2,0.0,0.2,0.1956,0.1956,1.0,826
RIBTW,2017-01-17,0.18,0.1878,0.18,0.18,1483,0.18,0.0,0.1878,0.18,0.18,1.0,1483
RIBTW,2017-01-18,0.18,0.18,0.18,0.18,47,0.18,0.0,0.18,0.18,0.18,1.0,47
RIBTW,2017-01-19,0.18,0.18,0.18,0.18,15,0.18,0.0,0.18,0.18,0.18,1.0,15
RIBTW,2017-01-20,0.18,0.18,0.18,0.18,130,0.18,0.0,0.18,0.18,0.18,1.0,130
RIBTW,2017-01-23,0.18,0.18,0.18,0.18,100,0.18,0.0,0.18,0.18,0.18,1.0,100
RIBTW,2017-01-24,0.18,0.18,0.18,0.18,22,0.18,0.0,0.18,0.18,0.18,1.0,22
RIBTW,2017-01-25,0.18,0.18,0.18,0.18,0,0.18,0.0,0.18,0.18,0.18,1.0,0
RIBTW,2017-01-26,0.18,0.18,0.18,0.18,140,0.18,0.0,0.18,0.18,0.18,1.0,140
RIBTW,2017-01-27,0.18,0.18,0.18,0.18,0,0.18,0.0,0.18,0.18,0.18,1.0,0
RIBTW,2017-01-30,0.18,0.18,0.18,0.18,48,0.18,0.0,0.18,0.18,0.18,1.0,48
RIBTW,2017-01-31,0.18,0.18,0.18,0.18,39,0.18,0.0,0.18,0.18,0.18,1.0,39
RIBTW,2017-02-01,0.18,0.18,0.18,0.18,0,0.18,0.0,0.18,0.18,0.18,1.0,0
RIBTW,2017-02-02,0.18,0.18,0.18,0.18,0,0.18,0.0,0.18,0.18,0.18,1.0,0
RIBTW,2017-02-03,0.18,0.18,0.18,0.18,0,0.18,0.0,0.18,0.18,0.18,1.0,0
RIBTW,2017-02-06,0.15,0.15,0.148,0.15,31860,0.15,0.0,0.15,0.148,0.15,1.0,31860
RIBTW,2017-02-07,0.16,0.16,0.16,0.16,2008,0.16,0.0,0.16,0.16,0.16,1.0,2008
RIBTW,2017-02-08,0.16,0.16,0.16,0.16,157,0.16,0.0,0.16,0.16,0.16,1.0,157
RIBTW,2017-02-09,0.16,0.16,0.16,0.16,0,0.16,0.0,0.16,0.16,0.16,1.0,0
RIBTW,2017-02-10,0.16,0.16,0.16,0.16,0,0.16,0.0,0.16,0.16,0.16,1.0,0
RIBTW,2017-02-13,0.16,0.16,0.16,0.16,31,0.16,0.0,0.16,0.16,0.16,1.0,31
RIBTW,2017-02-14,0.16,0.16,0.16,0.16,100,0.16,0.0,0.16,0.16,0.16,1.0,100
RIBTW,2017-02-15,0.16,0.16,0.16,0.16,10,0.16,0.0,0.16,0.16,0.16,1.0,10
RIBTW,2017-02-16,0.16,0.16,0.16,0.16,0,0.16,0.0,0.16,0.16,0.16,1.0,0
RIBTW,2017-02-17,0.16,0.16,0.16,0.16,0,0.16,0.0,0.16,0.16,0.16,1.0,0
RIBTW,2017-02-21,0.16,0.16,0.16,0.16,0,0.16,0.0,0.16,0.16,0.16,1.0,0
RIBTW,2017-02-22,0.16,0.16,0.16,0.16,0,0.16,0.0,0.16,0.16,0.16,1.0,0
RIBTW,2017-02-23,0.24,0.24,0.24,0.24,624,0.24,0.0,0.24,0.24,0.24,1.0,624
RIBTW,2017-02-24,0.151,0.2,0.151,0.151,970,0.151,0.0,0.2,0.151,0.151,1.0,970
RIBTW,2017-02-27,0.158,0.158,0.158,0.158,162,0.158,0.0,0.158,0.158,0.158,1.0,162
RIBTW,2017-02-28,0.158,0.158,0.158,0.158,0,0.158,0.0,0.158,0.158,0.158,1.0,0
RIBTW,2017-03-01,0.158,0.158,0.158,0.158,0,0.158,0.0,0.158,0.158,0.158,1.0,0
RIBTW,2017-03-02,0.158,0.158,0.158,0.158,0,0.158,0.0,0.158,0.158,0.158,1.0,0
RIBTW,2017-03-03,0.158,0.158,0.158,0.158,0,0.158,0.0,0.158,0.158,0.158,1.0,0
RIBTW,2017-03-06,0.13,0.13,0.13,0.13,100,0.13,0.0,0.13,0.13,0.13,1.0,100
RIBTW,2017-03-07,0.137,0.137,0.137,0.137,100,0.137,0.0,0.137,0.137,0.137,1.0,100
RIBTW,2017-03-08,0.137,0.137,0.137,0.137,116,0.137,0.0,0.137,0.137,0.137,1.0,116
RIBTW,2017-03-09,0.137,0.137,0.137,0.137,0,0.137,0.0,0.137,0.137,0.137,1.0,0
RIBTW,2017-03-10,0.144,0.144,0.144,0.144,506,0.144,0.0,0.144,0.144,0.144,1.0,506
RIBTW,2017-03-13,0.14,0.14,0.14,0.14,6308,0.14,0.0,0.14,0.14,0.14,1.0,6308
RIBTW,2017-03-14,0.14,0.14,0.14,0.14,0,0.14,0.0,0.14,0.14,0.14,1.0,0
RIBTW,2017-03-15,0.14,0.14,0.14,0.14,27,0.14,0.0,0.14,0.14,0.14,1.0,27
RIBTW,2017-03-16,0.14,0.14,0.14,0.14,0,0.14,0.0,0.14,0.14,0.14,1.0,0
RIBTW,2017-03-17,0.14,0.14,0.14,0.14,0,0.14,0.0,0.14,0.14,0.14,1.0,0
RIBTW,2017-03-20,0.14,0.14,0.14,0.14,8,0.14,0.0,0.14,0.14,0.14,1.0,8
RIBTW,2017-03-21,0.14,0.14,0.14,0.14,100,0.14,0.0,0.14,0.14,0.14,1.0,100
RIBTW,2017-03-22,0.147,0.147,0.147,0.147,150,0.147,0.0,0.147,0.147,0.147,1.0,150
RIBTW,2017-03-23,0.154,0.154,0.154,0.154,246,0.154,0.0,0.154,0.154,0.154,1.0,246
RIBTW,2017-03-24,0.154,0.154,0.154,0.154,0,0.154,0.0,0.154,0.154,0.154,1.0,0
RIBTW,2017-03-27,0.154,0.154,0.154,0.154,20,0.154,0.0,0.154,0.154,0.154,1.0,20
RIBTW,2017-03-28,0.154,0.154,0.154,0.154,0,0.154,0.0,0.154,0.154,0.154,1.0,0
RIBTW,2017-03-29,0.2,0.2,0.05,0.08,6200,0.2,0.0,0.2,0.05,0.08,1.0,6200
RIBTW,2017-03-30,0.2,0.2,0.103,0.2,13268,0.2,0.0,0.2,0.103,0.2,1.0,13268
RIBTW,2017-03-31,0.182,0.182,0.182,0.182,279,0.182,0.0,0.182,0.182,0.182,1.0,279
RIBTW,2017-04-03,0.19,0.2,0.111,0.192,728,0.19,0.0,0.2,0.111,0.192,1.0,728
RIBTW,2017-04-04,0.19,0.19,0.19,0.19,52,0.19,0.0,0.19,0.19,0.19,1.0,52
RIBTW,2017-04-05,0.19,0.19,0.19,0.19,15,0.19,0.0,0.19,0.19,0.19,1.0,15
RIBTW,2017-04-06,0.19,0.19,0.19,0.19,11,0.19,0.0,0.19,0.19,0.19,1.0,11
RIBTW,2017-04-07,0.19,0.19,0.19,0.19,0,0.19,0.0,0.19,0.19,0.19,1.0,0
RIBTW,2017-04-10,0.19,0.19,0.19,0.19,0,0.19,0.0,0.19,0.19,0.19,1.0,0
RIBTW,2017-04-11,0.2,0.2,0.111,0.111,237,0.2,0.0,0.2,0.111,0.111,1.0,237
RIBTW,2017-04-12,0.2,0.2,0.111,0.111,400,0.2,0.0,0.2,0.111,0.111,1.0,400
RIBTW,2017-04-13,0.2,0.2,0.2,0.2,105,0.2,0.0,0.2,0.2,0.2,1.0,105
RIBTW,2017-04-17,0.189,0.2,0.13,0.2,4114,0.189,0.0,0.2,0.13,0.2,1.0,4114
RIBTW,2017-04-18,0.198,0.198,0.198,0.198,133,0.198,0.0,0.198,0.198,0.198,1.0,133
RIBTW,2017-04-19,0.24,0.24,0.121,0.121,397,0.24,0.0,0.24,0.121,0.121,1.0,397
RIBTW,2017-04-20,0.189,0.2,0.189,0.2,2120,0.189,0.0,0.2,0.189,0.2,1.0,2120
RIBTW,2017-04-21,0.189,0.189,0.189,0.189,86,0.189,0.0,0.189,0.189,0.189,1.0,86
RIBTW,2017-04-24,0.189,0.189,0.189,0.189,153,0.189,0.0,0.189,0.189,0.189,1.0,153
RIBTW,2017-04-25,0.189,0.189,0.189,0.189,106,0.189,0.0,0.189,0.189,0.189,1.0,106
RIBTW,2017-04-26,0.179,0.18,0.155,0.155,325,0.179,0.0,0.18,0.155,0.155,1.0,325
RIBTW,2017-04-27,0.179,0.179,0.179,0.179,17,0.179,0.0,0.179,0.179,0.179,1.0,17
RIBTW,2017-04-28,0.179,0.179,0.179,0.179,545,0.179,0.0,0.179,0.179,0.179,1.0,545
RIBTW,2017-05-01,0.179,0.179,0.179,0.179,5,0.179,0.0,0.179,0.179,0.179,1.0,5
RIBTW,2017-05-02,0.179,0.179,0.179,0.179,0,0.179,0.0,0.179,0.179,0.179,1.0,0
RIBTW,2017-05-03,0.2,0.2,0.2,0.2,218,0.2,0.0,0.2,0.2,0.2,1.0,218
RIBTW,2017-05-04,0.15,0.15,0.15,0.15,174,0.15,0.0,0.15,0.15,0.15,1.0,174
RIBTW,2017-05-05,0.199,0.2,0.199,0.2,257,0.199,0.0,0.2,0.199,0.2,1.0,257
RIBTW,2017-05-08,0.2,0.2,0.2,0.2,256,0.2,0.0,0.2,0.2,0.2,1.0,256
RIBTW,2017-05-09,0.2,0.2,0.2,0.2,63,0.2,0.0,0.2,0.2,0.2,1.0,63
RIBTW,2017-05-10,0.2,0.2,0.2,0.2,15,0.2,0.0,0.2,0.2,0.2,1.0,15
RIBTW,2017-05-11,0.2,0.2,0.2,0.2,8,0.2,0.0,0.2,0.2,0.2,1.0,8
RIBTW,2017-05-12,0.2,0.2,0.2,0.2,30,0.2,0.0,0.2,0.2,0.2,1.0,30
RIBTW,2017-05-15,0.2,0.2,0.2,0.2,110,0.2,0.0,0.2,0.2,0.2,1.0,110
RIBTW,2017-05-16,0.2,0.2,0.2,0.2,5,0.2,0.0,0.2,0.2,0.2,1.0,5
RIBTW,2017-05-17,0.2,0.2,0.2,0.2,172,0.2,0.0,0.2,0.2,0.2,1.0,172
RIBTW,2017-05-18,0.2,0.2,0.2,0.2,116,0.2,0.0,0.2,0.2,0.2,1.0,116
RIBTW,2017-05-19,0.221,0.221,0.21,0.21,2150,0.221,0.0,0.221,0.21,0.21,1.0,2150
RIBTW,2017-05-22,0.221,0.221,0.221,0.221,162,0.221,0.0,0.221,0.221,0.221,1.0,162
RIBTW,2017-05-23,0.242,0.242,0.15,0.15,641,0.242,0.0,0.242,0.15,0.15,1.0,641
RIBTW,2017-05-24,0.254,0.254,0.254,0.254,234,0.254,0.0,0.254,0.254,0.254,1.0,234
RIBTW,2017-05-25,0.175,0.266,0.15,0.266,2054,0.175,0.0,0.266,0.15,0.266,1.0,2054
RIBTW,2017-05-26,0.175,0.175,0.155,0.175,595,0.175,0.0,0.175,0.155,0.175,1.0,595
RIBTW,2017-05-30,0.163,0.163,0.163,0.163,160,0.163,0.0,0.163,0.163,0.163,1.0,160
RIBTW,2017-05-31,0.21,0.22,0.16,0.164,3500,0.21,0.0,0.22,0.16,0.164,1.0,3500
RIBTW,2017-06-01,0.21,0.21,0.21,0.21,178,0.21,0.0,0.21,0.21,0.21,1.0,178
RIBTW,2017-06-02,0.2,0.2,0.19,0.19,635,0.2,0.0,0.2,0.19,0.19,1.0,635
RIBTW,2017-06-05,0.28,0.68,0.2,0.2,29716,0.28,0.0,0.68,0.2,0.2,1.0,29716
RIBTW,2017-06-06,0.2,0.25,0.19,0.19,437,0.2,0.0,0.25,0.19,0.19,1.0,437
RIBTW,2017-06-07,0.2,0.3,0.2,0.3,2996,0.2,0.0,0.3,0.2,0.3,1.0,2996
RIBTW,2017-06-08,0.179,0.243,0.15,0.18,15473,0.179,0.0,0.243,0.15,0.18,1.0,15473
RIBTW,2017-06-09,0.16,0.188,0.16,0.187,879,0.16,0.0,0.188,0.16,0.187,1.0,879
RIBTW,2017-06-12,0.168,0.183,0.15,0.168,4721,0.168,0.0,0.183,0.15,0.168,1.0,4721
RIBTW,2017-06-13,0.16,0.17,0.128,0.128,14130,0.16,0.0,0.17,0.128,0.128,1.0,14130
RIBTW,2017-06-14,0.173,0.175,0.16,0.16,3656,0.173,0.0,0.175,0.16,0.16,1.0,3656
RIBTW,2017-06-15,0.13,0.189,0.112,0.182,2520,0.13,0.0,0.189,0.112,0.182,1.0,2520
RIBTW,2017-06-16,0.12,0.175,0.12,0.12,1882,0.12,0.0,0.175,0.12,0.12,1.0,1882
RIBTW,2017-06-19,0.12,0.12,0.12,0.12,300,0.12,0.0,0.12,0.12,0.12,1.0,300
RIBTW,2017-06-20,0.131,0.131,0.125,0.125,1601,0.131,0.0,0.131,0.125,0.125,1.0,1601
RIBTW,2017-06-21,0.15,0.15,0.138,0.138,2470,0.15,0.0,0.15,0.138,0.138,1.0,2470
RIBTW,2017-06-22,0.166,0.166,0.165,0.165,901,0.166,0.0,0.166,0.165,0.165,1.0,901
RIBTW,2017-06-23,0.12,0.12,0.12,0.12,376,0.12,0.0,0.12,0.12,0.12,1.0,376
RIBTW,2017-06-26,0.15,0.18,0.12,0.12,11161,0.15,0.0,0.18,0.12,0.12,1.0,11161
RIBTW,2017-06-27,0.168,0.168,0.15,0.157,7402,0.168,0.0,0.168,0.15,0.157,1.0,7402
RIBTW,2017-06-28,0.171,0.175,0.147,0.147,15003,0.171,0.0,0.175,0.147,0.147,1.0,15003
RIBTW,2017-06-29,0.16,0.184,0.16,0.175,2128,0.16,0.0,0.184,0.16,0.175,1.0,2128
RIBTW,2017-06-30,0.178,0.178,0.15,0.15,3003,0.178,0.0,0.178,0.15,0.15,1.0,3003
RIBTW,2017-07-03,0.158,0.197,0.15,0.187,2598,0.158,0.0,0.197,0.15,0.187,1.0,2598
RIBTW,2017-07-05,0.25,0.25,0.15,0.158,18344,0.25,0.0,0.25,0.15,0.158,1.0,18344
RIBTW,2017-07-06,0.22,0.295199,0.2,0.212,11235,0.22,0.0,0.295199,0.2,0.212,1.0,11235
RIBTW,2017-07-07,0.22,0.24,0.205,0.205,2656,0.22,0.0,0.24,0.205,0.205,1.0,2656
RIBTW,2017-07-10,0.24,0.24,0.24,0.24,737,0.24,0.0,0.24,0.24,0.24,1.0,737
RIBTW,2017-07-11,0.27,0.327,0.2,0.25,2691,0.27,0.0,0.327,0.2,0.25,1.0,2691
RIBTW,2017-07-12,0.22,0.327,0.22,0.327,403,0.22,0.0,0.327,0.22,0.327,1.0,403
RIBTW,2017-07-13,0.29,0.29,0.232,0.232,5000,0.29,0.0,0.29,0.232,0.232,1.0,5000
RIBTW,2017-07-14,0.4,0.41,0.319,0.41,925,0.4,0.0,0.41,0.319,0.41,1.0,925
RIBTW,2017-07-17,0.379,0.42,0.268,0.42,15627,0.379,0.0,0.42,0.268,0.42,1.0,15627
RIBTW,2017-07-18,0.2788,0.3185,0.22,0.3139,24445,0.2788,0.0,0.3185,0.22,0.3139,1.0,24445
RIBTW,2017-07-19,0.237,0.24,0.2,0.24,7892,0.237,0.0,0.24,0.2,0.24,1.0,7892
RIBTW,2017-07-20,0.223,0.242,0.212,0.23,2827,0.223,0.0,0.242,0.212,0.23,1.0,2827
RIBTW,2017-07-21,0.2,0.234,0.2,0.234,5832,0.2,0.0,0.234,0.2,0.234,1.0,5832
RIBTW,2017-07-24,0.215,0.215,0.205,0.21,1546,0.215,0.0,0.215,0.205,0.21,1.0,1546
RIBTW,2017-07-25,0.215,0.215,0.205,0.205,508,0.215,0.0,0.215,0.205,0.205,1.0,508
RIBTW,2017-07-26,0.215,0.215,0.215,0.215,170,0.215,0.0,0.215,0.215,0.215,1.0,170
RIBTW,2017-07-27,0.24,0.24,0.2,0.2,1089,0.24,0.0,0.24,0.2,0.2,1.0,1089
RIBTW,2017-07-28,0.23,0.23,0.2,0.2,3882,0.23,0.0,0.23,0.2,0.2,1.0,3882
RIBTW,2017-07-31,0.23,0.23,0.23,0.23,201,0.23,0.0,0.23,0.23,0.23,1.0,201
RIBTW,2017-08-01,0.189,0.23,0.17,0.23,1505,0.189,0.0,0.23,0.17,0.23,1.0,1505
RIBTW,2017-08-02,0.152,0.2,0.15,0.2,14941,0.152,0.0,0.2,0.15,0.2,1.0,14941
RIBTW,2017-08-03,0.21,0.255,0.16,0.16,13064,0.21,0.0,0.255,0.16,0.16,1.0,13064
RIBTW,2017-08-04,0.221,0.221,0.221,0.221,371,0.221,0.0,0.221,0.221,0.221,1.0,371
RIBTW,2017-08-07,0.199,0.2,0.17,0.17,456,0.199,0.0,0.2,0.17,0.17,1.0,456
RIBTW,2017-08-08,0.199,0.199,0.199,0.199,112,0.199,0.0,0.199,0.199,0.199,1.0,112
RIBTW,2017-08-09,0.199,0.199,0.199,0.199,1,0.199,0.0,0.199,0.199,0.199,1.0,1
RIBTW,2017-08-10,0.199,0.199,0.199,0.199,222,0.199,0.0,0.199,0.199,0.199,1.0,222
RIBTW,2017-08-11,0.15,0.15,0.15,0.15,301,0.15,0.0,0.15,0.15,0.15,1.0,301
RIBTW,2017-08-14,0.164,0.164,0.158,0.158,512,0.164,0.0,0.164,0.158,0.158,1.0,512
RIBTW,2017-08-15,0.15,0.175,0.15,0.172,3670,0.15,0.0,0.175,0.15,0.172,1.0,3670
RIBTW,2017-08-16,0.15,0.15,0.15,0.15,8,0.15,0.0,0.15,0.15,0.15,1.0,8
RIBTW,2017-08-17,0.15,0.15,0.15,0.15,4,0.15,0.0,0.15,0.15,0.15,1.0,4
RIBTW,2017-08-18,0.155,0.158,0.15,0.15,3776,0.155,0.0,0.158,0.15,0.15,1.0,3776
RIBTW,2017-08-21,0.185,0.185,0.176,0.176,304,0.185,0.0,0.185,0.176,0.176,1.0,304
RIBTW,2017-08-22,0.185,0.185,0.185,0.185,22,0.185,0.0,0.185,0.185,0.185,1.0,22
RIBTW,2017-08-23,0.25,0.25,0.16,0.16,201,0.25,0.0,0.25,0.16,0.16,1.0,201
RIBTW,2017-08-24,0.17,0.19,0.112,0.112,5873,0.17,0.0,0.19,0.112,0.112,1.0,5873
RIBTW,2017-08-25,0.21,0.21,0.13,0.13,395,0.21,0.0,0.21,0.13,0.13,1.0,395
RIBTW,2017-08-28,0.13,0.232,0.13,0.229,3791,0.13,0.0,0.232,0.13,0.229,1.0,3791
RIBTW,2017-08-29,0.225,0.225,0.225,0.225,110,0.225,0.0,0.225,0.225,0.225,1.0,110
RIBTW,2017-08-30,0.2,0.2,0.13,0.13,2807,0.2,0.0,0.2,0.13,0.13,1.0,2807
RIBTW,2017-08-31,0.2,0.2,0.2,0.2,1,0.2,0.0,0.2,0.2,0.2,1.0,1
RIBTW,2017-09-01,0.2,0.2,0.2,0.2,0,0.2,0.0,0.2,0.2,0.2,1.0,0
RIBTW,2017-09-05,0.2,0.2,0.2,0.2,3,0.2,0.0,0.2,0.2,0.2,1.0,3
RIBTW,2017-09-06,0.13,0.192,0.13,0.13,489,0.13,0.0,0.192,0.13,0.13,1.0,489
RIBTW,2017-09-07,0.15,0.15,0.111,0.121,1600,0.15,0.0,0.15,0.111,0.121,1.0,1600
RIBTW,2017-09-08,0.201,0.201,0.201,0.201,100,0.201,0.0,0.201,0.201,0.201,1.0,100
RIBTW,2017-09-11,0.156,0.156,0.13,0.13,586,0.156,0.0,0.156,0.13,0.13,1.0,586
RIBTW,2017-09-12,0.156,0.156,0.156,0.156,0,0.156,0.0,0.156,0.156,0.156,1.0,0
RIBTW,2017-09-13,0.156,0.156,0.156,0.156,0,0.156,0.0,0.156,0.156,0.156,1.0,0
RIBTW,2017-09-14,0.2,0.2,0.2,0.2,139,0.2,0.0,0.2,0.2,0.2,1.0,139
RIBTW,2017-09-15,0.1683,0.23,0.12,0.12,921,0.1683,0.0,0.23,0.12,0.12,1.0,921
RIBTW,2017-09-18,0.14,0.14,0.14,0.14,100,0.14,0.0,0.14,0.14,0.14,1.0,100
RIBTW,2017-09-19,0.14,0.14,0.14,0.14,102,0.14,0.0,0.14,0.14,0.14,1.0,102
RIBTW,2017-09-20,0.2,0.2,0.12,0.19,15376,0.2,0.0,0.2,0.12,0.19,1.0,15376
RIBTW,2017-09-21,0.2,0.2,0.2,0.2,1,0.2,0.0,0.2,0.2,0.2,1.0,1
RIBTW,2017-09-22,0.2,0.2,0.2,0.2,70,0.2,0.0,0.2,0.2,0.2,1.0,70
RIBTW,2017-09-25,0.19,0.19,0.12,0.12,500,0.19,0.0,0.19,0.12,0.12,1.0,500
RIBTW,2017-09-26,0.19,0.19,0.19,0.19,1,0.19,0.0,0.19,0.19,0.19,1.0,1
RIBTW,2017-09-27,0.19,0.19,0.19,0.19,0,0.19,0.0,0.19,0.19,0.19,1.0,0
RIBTW,2017-09-28,0.19,0.19,0.112,0.112,285,0.19,0.0,0.19,0.112,0.112,1.0,285
RIBTW,2017-09-29,0.199,0.199,0.19,0.19,12911,0.199,0.0,0.199,0.19,0.19,1.0,12911
RIBTW,2017-10-02,0.199,0.199,0.199,0.199,1,0.199,0.0,0.199,0.199,0.199,1.0,1
RIBTW,2017-10-03,0.199,0.199,0.199,0.199,100,0.199,0.0,0.199,0.199,0.199,1.0,100
RIBTW,2017-10-04,0.199,0.199,0.199,0.199,15,0.199,0.0,0.199,0.199,0.199,1.0,15
RIBTW,2017-10-05,0.186,0.186,0.186,0.186,200,0.186,0.0,0.186,0.186,0.186,1.0,200
RIBTW,2017-10-06,0.15,0.15,0.121,0.121,1993,0.15,0.0,0.15,0.121,0.121,1.0,1993
RIBTW,2017-10-09,0.165,0.165,0.165,0.165,101,0.165,0.0,0.165,0.165,0.165,1.0,101
RIBTW,2017-10-10,0.165,0.165,0.165,0.165,0,0.165,0.0,0.165,0.165,0.165,1.0,0
RIBTW,2017-10-11,0.165,0.165,0.165,0.165,0,0.165,0.0,0.165,0.165,0.165,1.0,0
RIBTW,2017-10-12,0.165,0.165,0.165,0.165,0,0.165,0.0,0.165,0.165,0.165,1.0,0
RIBTW,2017-10-13,0.165,0.165,0.165,0.165,0,0.165,0.0,0.165,0.165,0.165,1.0,0
RIBTW,2017-10-16,0.165,0.165,0.165,0.165,0,0.165,0.0,0.165,0.165,0.165,1.0,0
RIBTW,2017-10-17,0.165,0.165,0.165,0.165,0,0.165,0.0,0.165,0.165,0.165,1.0,0
RIBTW,2017-10-18,0.162,0.175,0.16,0.16,20412,0.162,0.0,0.175,0.16,0.16,1.0,20412
RIBTW,2017-10-19,0.162,0.162,0.162,0.162,0,0.162,0.0,0.162,0.162,0.162,1.0,0
RIBTW,2017-10-20,0.162,0.162,0.162,0.162,0,0.162,0.0,0.162,0.162,0.162,1.0,0
RIBTW,2017-10-23,0.15,0.15,0.15,0.15,123,0.15,0.0,0.15,0.15,0.15,1.0,123
RIBTW,2017-10-24,0.1501,0.1501,0.1501,0.1501,100,0.1501,0.0,0.1501,0.1501,0.1501,1.0,100
RIBTW,2017-10-25,0.16,0.16,0.16,0.16,100,0.16,0.0,0.16,0.16,0.16,1.0,100
RIBTW,2017-10-26,0.155,0.155,0.152,0.155,10379,0.155,0.0,0.155,0.152,0.155,1.0,10379
RIBTW,2017-10-27,0.155,0.155,0.155,0.155,0,0.155,0.0,0.155,0.155,0.155,1.0,0
RIBTW,2017-10-30,0.155,0.155,0.155,0.155,0,0.155,0.0,0.155,0.155,0.155,1.0,0
RIBTW,2017-10-31,0.25,0.25,0.1208,0.1208,818,0.25,0.0,0.25,0.1208,0.1208,1.0,818
RIBTW,2017-11-01,0.25,0.25,0.25,0.25,38,0.25,0.0,0.25,0.25,0.25,1.0,38
RIBTW,2017-11-02,0.25,0.25,0.25,0.25,0,0.25,0.0,0.25,0.25,0.25,1.0,0
RIBTW,2017-11-03,0.25,0.25,0.25,0.25,1,0.25,0.0,0.25,0.25,0.25,1.0,1
RIBTW,2017-11-06,0.1208,0.1208,0.1208,0.1208,239,0.1208,0.0,0.1208,0.1208,0.1208,1.0,239
RIBTW,2017-11-07,0.1891,0.1894,0.1891,0.1894,200,0.1891,0.0,0.1894,0.1891,0.1894,1.0,200
RIBTW,2017-11-08,0.053,0.3,0.051,0.199,21633,0.053,0.0,0.3,0.051,0.199,1.0,21633
RIBTW,2017-11-09,0.2,0.2,0.1997,0.1997,2300,0.2,0.0,0.2,0.1997,0.1997,1.0,2300
RIBTW,2017-11-10,0.18,0.3,0.0604,0.0604,3600,0.18,0.0,0.3,0.0604,0.0604,1.0,3600
RIBTW,2017-11-13,0.21,0.3,0.18,0.18,7257,0.21,0.0,0.3,0.18,0.18,1.0,7257
RIBTW,2017-11-15,0.23,0.23,0.09,0.097,1200,0.23,0.0,0.23,0.09,0.097,1.0,1200
RIBTW,2017-11-16,0.23,0.23,0.23,0.23,102,0.23,0.0,0.23,0.23,0.23,1.0,102
RIBTW,2017-11-17,0.23,0.23,0.23,0.23,1,0.23,0.0,0.23,0.23,0.23,1.0,1
RIBTW,2017-11-20,0.205,0.205,0.132,0.132,250,0.205,0.0,0.205,0.132,0.132,1.0,250
RIBTW,2017-11-21,0.205,0.205,0.205,0.205,0,0.205,0.0,0.205,0.205,0.205,1.0,0
RIBTW,2017-11-22,0.14,0.14,0.14,0.14,101,0.14,0.0,0.14,0.14,0.14,1.0,101
RIBTW,2017-11-24,0.13,0.203,0.13,0.2,1850,0.13,0.0,0.203,0.13,0.2,1.0,1850
RIBTW,2017-11-27,0.1301,0.1301,0.1301,0.1301,0,0.1301,0.0,0.1301,0.1301,0.1301,1.0,0
RIBTW,2017-11-28,0.1304,0.1304,0.1304,0.1304,100,0.1304,0.0,0.1304,0.1304,0.1304,1.0,100
RIBTW,2017-11-29,0.1115,0.1304,0.1105,0.1105,1100,0.1115,0.0,0.1304,0.1105,0.1105,1.0,1100
RIBTW,2017-11-30,0.14,0.299,0.12,0.12,23535,0.14,0.0,0.299,0.12,0.12,1.0,23535
RIBTW,2017-12-01,0.2001,0.2001,0.148,0.148,6007,0.2001,0.0,0.2001,0.148,0.148,1.0,6007
RIBTW,2017-12-04,0.1758,0.1997,0.1758,0.1997,4142,0.1758,0.0,0.1997,0.1758,0.1997,1.0,4142
RIBTW,2017-12-05,0.1229,0.1996,0.1229,0.1996,200,0.1229,0.0,0.1996,0.1229,0.1996,1.0,200
RIBTW,2017-12-06,0.13,0.18,0.13,0.18,237,0.13,0.0,0.18,0.13,0.18,1.0,237
RIBTW,2017-12-07,0.1393,0.14,0.1298,0.1304,2500,0.1393,0.0,0.14,0.1298,0.1304,1.0,2500
RIBTW,2017-12-08,0.1393,0.1393,0.1393,0.1393,0,0.1393,0.0,0.1393,0.1393,0.1393,1.0,0
RIBTW,2017-12-11,0.1308,0.14,0.1308,0.14,3403,0.1308,0.0,0.14,0.1308,0.14,1.0,3403
RIBTW,2017-12-12,0.1349,0.14,0.1091,0.1091,8099,0.1349,0.0,0.14,0.1091,0.1091,1.0,8099
RIBTW,2017-12-13,0.1349,0.1349,0.1349,0.1349,0,0.1349,0.0,0.1349,0.1349,0.1349,1.0,0
RIBTW,2017-12-14,0.1365,0.1366,0.1097,0.11,9200,0.1365,0.0,0.1366,0.1097,0.11,1.0,9200
RIBTW,2017-12-15,0.16,0.16,0.16,0.16,1100,0.16,0.0,0.16,0.16,0.16,1.0,1100
RIBTW,2017-12-18,0.12,0.14,0.12,0.12,9602,0.12,0.0,0.14,0.12,0.12,1.0,9602
RIBTW,2017-12-19,0.12,0.12,0.12,0.12,4900,0.12,0.0,0.12,0.12,0.12,1.0,4900
RIBTW,2017-12-20,0.12,0.12,0.12,0.12,5800,0.12,0.0,0.12,0.12,0.12,1.0,5800
RIBTW,2017-12-21,0.15,0.15,0.14,0.14,900,0.15,0.0,0.15,0.14,0.14,1.0,900
RIBTW,2017-12-22,0.1488,0.1488,0.1272,0.1272,700,0.1488,0.0,0.1488,0.1272,0.1272,1.0,700
RIBTW,2017-12-26,0.1493,0.15,0.1493,0.15,800,0.1493,0.0,0.15,0.1493,0.15,1.0,800
RIBTW,2017-12-27,0.1493,0.1493,0.1493,0.1493,1,0.1493,0.0,0.1493,0.1493,0.1493,1.0,1
RIBTW,2017-12-28,0.1493,0.1493,0.1493,0.1493,0,0.1493,0.0,0.1493,0.1493,0.1493,1.0,0
RIBTW,2017-12-29,0.1,0.1497,0.0985,0.1001,23392,0.1,0.0,0.1497,0.0985,0.1001,1.0,23392
RIBTW,2018-01-02,0.1,0.1,0.1,0.1,0,0.1,0.0,0.1,0.1,0.1,1.0,0
RIBTW,2018-01-03,0.1199,0.125641,0.1199,0.125641,5296,0.1199,0.0,0.125641,0.1199,0.125641,1.0,5296
RIBTW,2018-01-04,0.1306,0.15,0.13,0.1498,12305,0.1306,0.0,0.15,0.13,0.1498,1.0,12305
RIBTW,2018-01-05,0.1306,0.1306,0.1306,0.1306,0,0.1306,0.0,0.1306,0.1306,0.1306,1.0,0
RIBTW,2018-01-08,0.1306,0.1306,0.1306,0.1306,0,0.1306,0.0,0.1306,0.1306,0.1306,1.0,0
RIBTW,2018-01-09,0.1559,0.1559,0.1559,0.1559,800,0.1559,0.0,0.1559,0.1559,0.1559,1.0,800
RIBTW,2018-01-10,0.1559,0.1559,0.1559,0.1559,100,0.1559,0.0,0.1559,0.1559,0.1559,1.0,100
RIBTW,2018-01-11,0.17,0.17,0.15,0.15,20600,0.17,0.0,0.17,0.15,0.15,1.0,20600
RIBTW,2018-01-12,0.1675,0.17,0.1675,0.17,3600,0.1675,0.0,0.17,0.1675,0.17,1.0,3600
RIBTW,2018-01-16,0.17,0.17,0.17,0.17,110,0.17,0.0,0.17,0.17,0.17,1.0,110
RIBTW,2018-01-17,0.17,0.17,0.17,0.17,0,0.17,0.0,0.17,0.17,0.17,1.0,0
RIBTW,2018-01-18,0.1694,0.17,0.1694,0.17,200,0.1694,0.0,0.17,0.1694,0.17,1.0,200
RIBTW,2018-01-19,0.1694,0.1694,0.1694,0.1694,0,0.1694,0.0,0.1694,0.1694,0.1694,1.0,0
RIBTW,2018-01-22,0.1002,0.103,0.0703,0.103,10094,0.1002,0.0,0.103,0.0703,0.103,1.0,10094
RIBTW,2018-01-23,0.1494,0.1497,0.1489,0.1497,1740,0.1494,0.0,0.1497,0.1489,0.1497,1.0,1740
RIBTW,2018-01-24,0.149,0.149,0.149,0.149,1000,0.149,0.0,0.149,0.149,0.149,1.0,1000
RIBTW,2018-01-25,0.149,0.149,0.149,0.149,0,0.149,0.0,0.149,0.149,0.149,1.0,0
RIBTW,2018-01-26,0.1,0.14,0.1,0.14,12710,0.1,0.0,0.14,0.1,0.14,1.0,12710
RIBTW,2018-01-29,0.1,0.1299,0.0712,0.1001,4720,0.1,0.0,0.1299,0.0712,0.1001,1.0,4720
RIBTW,2018-01-30,0.1,0.1,0.1,0.1,40,0.1,0.0,0.1,0.1,0.1,1.0,40
RIBTW,2018-01-31,0.0999,0.0999,0.0999,0.0999,101,0.0999,0.0,0.0999,0.0999,0.0999,1.0,101
RIBTW,2018-02-01,0.0999,0.0999,0.0999,0.0999,0,0.0999,0.0,0.0999,0.0999,0.0999,1.0,0
RIBTW,2018-02-02,0.1165,0.117,0.1165,0.117,200,0.1165,0.0,0.117,0.1165,0.117,1.0,200
RIBTW,2018-02-05,0.1165,0.1165,0.1165,0.1165,41,0.1165,0.0,0.1165,0.1165,0.1165,1.0,41
RIBTW,2018-02-06,0.1176,0.118,0.071,0.09,700,0.1176,0.0,0.118,0.071,0.09,1.0,700
RIBTW,2018-02-07,0.1096,0.1099,0.1096,0.1099,400,0.1096,0.0,0.1099,0.1096,0.1099,1.0,400
RIBTW,2018-02-08,0.1095,0.1095,0.1095,0.1095,1036,0.1095,0.0,0.1095,0.1095,0.1095,1.0,1036
RIBTW,2018-02-09,0.1095,0.1095,0.1095,0.1095,0,0.1095,0.0,0.1095,0.1095,0.1095,1.0,0
RIBTW,2018-02-12,0.1,0.11,0.1,0.11,3300,0.1,0.0,0.11,0.1,0.11,1.0,3300
RIBTW,2018-02-13,0.1,0.1,0.1,0.1,0,0.1,0.0,0.1,0.1,0.1,1.0,0
RIBTW,2018-02-14,0.0981,0.0981,0.0981,0.0981,100,0.0981,0.0,0.0981,0.0981,0.0981,1.0,100
RIBTW,2018-02-15,0.118,0.118,0.1005,0.1009,3500,0.118,0.0,0.118,0.1005,0.1009,1.0,3500
RIBTW,2018-02-16,0.118,0.118,0.118,0.118,0,0.118,0.0,0.118,0.118,0.118,1.0,0
RIBTW,2018-02-20,0.1399,0.14,0.021,0.021,4200,0.1399,0.0,0.14,0.021,0.021,1.0,4200
RIBTW,2018-02-21,0.14,0.14,0.14,0.14,8,0.14,0.0,0.14,0.14,0.14,1.0,8
RIBTW,2018-02-22,0.1399,0.1399,0.1399,0.1399,0,0.1399,0.0,0.1399,0.1399,0.1399,1.0,0
RIBTW,2018-02-23,0.1399,0.1399,0.1399,0.1399,0,0.1399,0.0,0.1399,0.1399,0.1399,1.0,0
RIBTW,2018-02-26,0.1399,0.1399,0.1399,0.1399,0,0.1399,0.0,0.1399,0.1399,0.1399,1.0,0
RIBTW,2018-02-27,0.1399,0.1399,0.1399,0.1399,0,0.1399,0.0,0.1399,0.1399,0.1399,1.0,0
RIBTW,2018-02-28,0.1399,0.1399,0.1399,0.1399,0,0.1399,0.0,0.1399,0.1399,0.1399,1.0,0
RIBTW,2018-03-01,0.1399,0.1399,0.1399,0.1399,0,0.1399,0.0,0.1399,0.1399,0.1399,1.0,0
RIBTW,2018-03-02,0.1399,0.1399,0.1399,0.1399,0,0.1399,0.0,0.1399,0.1399,0.1399,1.0,0
RIBTW,2018-03-05,0.0999,0.1,0.0999,0.1,200,0.0999,0.0,0.1,0.0999,0.1,1.0,200
RIBTW,2018-03-06,0.0999,0.14,0.0999,0.108,5831,0.0999,0.0,0.14,0.0999,0.108,1.0,5831
RIBTW,2018-03-07,0.0999,0.0999,0.0999,0.0999,0,0.0999,0.0,0.0999,0.0999,0.0999,1.0,0
RIBTW,2018-03-08,0.108,0.108,0.108,0.108,100,0.108,0.0,0.108,0.108,0.108,1.0,100
RIBTW,2018-03-09,0.14,0.14,0.041,0.041,600,0.14,0.0,0.14,0.041,0.041,1.0,600
RIBTW,2018-03-12,0.14,0.14,0.14,0.14,0,0.14,0.0,0.14,0.14,0.14,1.0,0
RIBTW,2018-03-13,0.1079,0.1079,0.0533,0.0533,610,0.1079,0.0,0.1079,0.0533,0.0533,1.0,610
RIBTW,2018-03-14,0.1398,0.1398,0.05,0.1,28600,0.1398,0.0,0.1398,0.05,0.1,1.0,28600
RIBTW,2018-03-15,0.135,0.135,0.135,0.135,100,0.135,0.0,0.135,0.135,0.135,1.0,100
RIBTW,2018-03-16,0.135,0.135,0.135,0.135,0,0.135,0.0,0.135,0.135,0.135,1.0,0
RIBTW,2018-03-19,0.13,0.13,0.0221,0.061,2100,0.13,0.0,0.13,0.0221,0.061,1.0,2100
RIBTW,2018-03-20,0.13,0.13,0.11,0.1299,1689,0.13,0.0,0.13,0.11,0.1299,1.0,1689
RIBTW,2018-03-21,0.13,0.13,0.13,0.13,0,0.13,0.0,0.13,0.13,0.13,1.0,0
RIBTW,2018-03-22,0.13,0.13,0.13,0.13,0,0.13,0.0,0.13,0.13,0.13,1.0,0
RIBTW,2018-03-23,0.13,0.13,0.13,0.13,0,0.13,0.0,0.13,0.13,0.13,1.0,0
RIBTW,2018-03-26,0.13,0.13,0.1299,0.13,1470,0.13,0.0,0.13,0.1299,0.13,1.0,1470
RIBTW,2018-03-27,0.13,0.13,0.13,0.13,4,0.13,0.0,0.13,0.13,0.13,1.0,4
RIBTW,2018-03-28,0.1,0.1,0.1,0.1,2000,0.1,0.0,0.1,0.1,0.1,1.0,2000
RIBTW,2018-03-29,0.13,0.13,0.13,0.13,1000,0.13,0.0,0.13,0.13,0.13,1.0,1000
RIBTW,2018-04-02,0.0622,0.091,0.0521,0.091,700,0.0622,0.0,0.091,0.0521,0.091,1.0,700
RIBTW,2018-04-03,0.0622,0.0622,0.0622,0.0622,0,0.0622,0.0,0.0622,0.0622,0.0622,1.0,0
RIBTW,2018-04-04,0.1399,0.14,0.0301,0.0301,375,0.1399,0.0,0.14,0.0301,0.0301,1.0,375
RIBTW,2018-04-05,0.14,0.14,0.14,0.14,1,0.14,0.0,0.14,0.14,0.14,1.0,1
RIBTW,2018-04-06,0.1399,0.1399,0.1399,0.1399,0,0.1399,0.0,0.1399,0.1399,0.1399,1.0,0
RIBTW,2018-04-09,0.1399,0.1399,0.1399,0.1399,0,0.1399,0.0,0.1399,0.1399,0.1399,1.0,0
RIBTW,2018-04-10,0.1044,0.11,0.0501,0.08,31300,0.1044,0.0,0.11,0.0501,0.08,1.0,31300
RIBTW,2018-04-11,0.0977,0.098,0.053,0.053,1200,0.0977,0.0,0.098,0.053,0.053,1.0,1200
RIBTW,2018-04-12,0.0977,0.0977,0.0977,0.0977,1,0.0977,0.0,0.0977,0.0977,0.0977,1.0,1
RIBTW,2018-04-13,0.0987,0.103,0.09,0.103,830,0.0987,0.0,0.103,0.09,0.103,1.0,830
RIBTW,2018-04-16,0.0987,0.0987,0.0987,0.0987,1,0.0987,0.0,0.0987,0.0987,0.0987,1.0,1
RIBTW,2018-04-17,0.0987,0.0987,0.0987,0.0987,0,0.0987,0.0,0.0987,0.0987,0.0987,1.0,0
RIBTW,2018-04-18,0.0987,0.0987,0.0987,0.0987,1,0.0987,0.0,0.0987,0.0987,0.0987,1.0,1
RIBTW,2018-04-19,0.0987,0.0987,0.0987,0.0987,0,0.0987,0.0,0.0987,0.0987,0.0987,1.0,0
RIBTW,2018-04-20,0.0987,0.0987,0.0987,0.0987,0,0.0987,0.0,0.0987,0.0987,0.0987,1.0,0
RIBTW,2018-04-23,0.0987,0.0987,0.0987,0.0987,0,0.0987,0.0,0.0987,0.0987,0.0987,1.0,0
RIBTW,2018-04-24,0.0938,0.0938,0.0938,0.0938,100,0.0938,0.0,0.0938,0.0938,0.0938,1.0,100
RIBTW,2018-04-25,0.0938,0.0938,0.0938,0.0938,0,0.0938,0.0,0.0938,0.0938,0.0938,1.0,0
RIBTW,2018-04-26,0.0938,0.0938,0.0938,0.0938,0,0.0938,0.0,0.0938,0.0938,0.0938,1.0,0
RIBTW,2018-04-27,0.0938,0.0938,0.0938,0.0938,0,0.0938,0.0,0.0938,0.0938,0.0938,1.0,0
RIBTW,2018-04-30,0.0938,0.0938,0.0938,0.0938,0,0.0938,0.0,0.0938,0.0938,0.0938,1.0,0
RIBTW,2018-05-01,0.0938,0.0938,0.0938,0.0938,50,0.0938,0.0,0.0938,0.0938,0.0938,1.0,50
RIBTW,2018-05-02,0.0938,0.0938,0.0938,0.0938,0,0.0938,0.0,0.0938,0.0938,0.0938,1.0,0
RIBTW,2018-05-03,0.0938,0.0938,0.0938,0.0938,0,0.0938,0.0,0.0938,0.0938,0.0938,1.0,0
RIBTW,2018-05-04,0.1017,0.102,0.1017,0.102,200,0.1017,0.0,0.102,0.1017,0.102,1.0,200
RIBTW,2018-05-07,0.1017,0.1017,0.1017,0.1017,0,0.1017,0.0,0.1017,0.1017,0.1017,1.0,0
RIBTW,2018-05-08,0.1017,0.1017,0.1017,0.1017,0,0.1017,0.0,0.1017,0.1017,0.1017,1.0,0
RIBTW,2018-05-09,0.1017,0.1017,0.1017,0.1017,0,0.1017,0.0,0.1017,0.1017,0.1017,1.0,0
RIBTW,2018-05-10,0.1017,0.1017,0.1017,0.1017,0,0.1017,0.0,0.1017,0.1017,0.1017,1.0,0
RIBTW,2018-05-11,0.1017,0.1017,0.1017,0.1017,0,0.1017,0.0,0.1017,0.1017,0.1017,1.0,0
RIBTW,2018-05-14,0.1017,0.1017,0.1017,0.1017,0,0.1017,0.0,0.1017,0.1017,0.1017,1.0,0
RIBTW,2018-05-15,0.1017,0.1017,0.1017,0.1017,0,0.1017,0.0,0.1017,0.1017,0.1017,1.0,0
RIBTW,2018-05-16,0.1017,0.1017,0.1017,0.1017,0,0.1017,0.0,0.1017,0.1017,0.1017,1.0,0
RIBTW,2018-05-17,0.1045,0.1047,0.0322,0.0322,4400,0.1045,0.0,0.1047,0.0322,0.0322,1.0,4400
RIBTW,2018-05-18,0.1045,0.1045,0.1045,0.1045,0,0.1045,0.0,0.1045,0.1045,0.1045,1.0,0
RIBTW,2018-05-21,0.1029,0.103,0.03,0.04,12000,0.1029,0.0,0.103,0.03,0.04,1.0,12000
RIBTW,2018-05-22,0.103,0.103,0.103,0.103,0,0.103,0.0,0.103,0.103,0.103,1.0,0
RIBTW,2018-05-23,0.1029,0.1029,0.1029,0.1029,0,0.1029,0.0,0.1029,0.1029,0.1029,1.0,0
RIBTW,2018-05-24,0.1029,0.1029,0.1029,0.1029,0,0.1029,0.0,0.1029,0.1029,0.1029,1.0,0
RIBTW,2018-05-25,0.1029,0.1029,0.1029,0.1029,0,0.1029,0.0,0.1029,0.1029,0.1029,1.0,0
RIBTW,2018-05-29,0.1029,0.1029,0.1029,0.1029,0,0.1029,0.0,0.1029,0.1029,0.1029,1.0,0
RIBTW,2018-05-30,0.1029,0.1029,0.1029,0.1029,0,0.1029,0.0,0.1029,0.1029,0.1029,1.0,0
RIBTW,2018-05-31,0.1029,0.1029,0.1029,0.1029,0,0.1029,0.0,0.1029,0.1029,0.1029,1.0,0
RIBTW,2018-06-01,0.0948,0.095,0.02,0.02,3300,0.0948,0.0,0.095,0.02,0.02,1.0,3300
RIBTW,2018-06-04,0.0948,0.0948,0.0948,0.0948,0,0.0948,0.0,0.0948,0.0948,0.0948,1.0,0
RIBTW,2018-06-05,0.0499,0.05,0.0198,0.0256,8175,0.0499,0.0,0.05,0.0198,0.0256,1.0,8175
RIBTW,2018-06-06,0.0935,0.105,0.0492,0.0938,4500,0.0935,0.0,0.105,0.0492,0.0938,1.0,4500
RIBTW,2018-06-07,0.094,0.094,0.094,0.094,0,0.094,0.0,0.094,0.094,0.094,1.0,0
RIBTW,2018-06-08,0.0935,0.0935,0.0935,0.0935,0,0.0935,0.0,0.0935,0.0935,0.0935,1.0,0
RIBTW,2018-06-11,0.0935,0.0935,0.0935,0.0935,0,0.0935,0.0,0.0935,0.0935,0.0935,1.0,0
RIBTW,2018-06-12,0.0935,0.0935,0.0935,0.0935,0,0.0935,0.0,0.0935,0.0935,0.0935,1.0,0
RIBTW,2018-06-13,0.0935,0.0935,0.0935,0.0935,0,0.0935,0.0,0.0935,0.0935,0.0935,1.0,0
RIBTW,2018-06-14,0.0935,0.0935,0.0935,0.0935,0,0.0935,0.0,0.0935,0.0935,0.0935,1.0,0
RIBTW,2018-06-15,0.0935,0.0935,0.0935,0.0935,0,0.0935,0.0,0.0935,0.0935,0.0935,1.0,0
RIBTW,2018-06-18,0.0935,0.0935,0.0935,0.0935,0,0.0935,0.0,0.0935,0.0935,0.0935,1.0,0
RIBTW,2018-06-19,0.0927,0.0927,0.06,0.06,2600,0.0927,0.0,0.0927,0.06,0.06,1.0,2600
RIBTW,2018-06-20,0.0926,0.0926,0.0926,0.0926,2500,0.0926,0.0,0.0926,0.0926,0.0926,1.0,2500
RIBTW,2018-06-21,0.0925,0.1,0.0511,0.0511,1920,0.0925,0.0,0.1,0.0511,0.0511,1.0,1920
